transaction_id,date,description,category,amount,transaction_type,balance,merchant,payment_method,financial_stress
4516a014-9ea2-4391-8eac-e24f7c03bbfa,2023-01-01,Groceries,Groceries,30.17,debit,14969.83,SuperMart,UPI,High
63f5c5e1-dc2e-4528-b76c-27edcc25335e,2023-01-01,Groceries,Groceries,101.57,debit,14868.26,SuperMart,Credit Card,High
1292b2c4-c752-4f0a-b77f-59df2788216c,2023-01-02,Transport,Transport,16.1,debit,14852.16,Uber,UPI,High
af9792f8-be27-4ab6-a9b4-e1cd21dde2d3,2023-01-03,Transport,Transport,11.72,debit,14840.44,Uber,Credit Card,High
3b247cb8-c142-4052-9ba3-fe3f181b22f4,2023-01-03,Shopping,Shopping,29.67,debit,14810.77,Amazon,Credit Card,High
228e2351-c5cb-4bfb-8fbd-22aa445ca3f2,2023-01-03,Dining,Dining,43.8,debit,14766.970000000001,Restaurant,UPI,High
cfb576e0-8a51-41c1-9f61-66e7c3da4783,2023-01-03,Groceries,Groceries,12.26,debit,14754.710000000001,SuperMart,UPI,High
f12ea640-ef0d-4b21-bb9e-b3672cedd95f,2023-01-04,Groceries,Groceries,27.16,debit,14727.550000000001,SuperMart,Credit Card,High
133a22c7-fbfa-47f2-9b7a-cba5e9da6f88,2023-01-04,Groceries,Groceries,76.12,debit,14651.43,SuperMart,UPI,High
ea91b6b0-02a2-4e0d-8c98-6e3fdd3ddbfc,2023-01-04,Dining,Dining,32.95,debit,14618.48,Restaurant,Credit Card,High
6407be61-31d8-4614-b3b0-ee5e5bfd6319,2023-01-05,Monthly Salary,Income,6000.0,credit,20618.48,Employer Inc.,Bank Transfer,High
2dda7cc4-a611-4c35-afff-6580eebc8646,2023-01-05,Groceries,Groceries,105.28,debit,20513.2,SuperMart,UPI,High
93c0db54-a743-4456-9e69-2b8b87cf978b,2023-01-05,Dining,Dining,15.44,debit,20497.760000000002,Restaurant,Credit Card,High
f9af7bb7-5388-4bfe-9f70-3d482d121932,2023-01-06,Entertainment,Entertainment,250.0,debit,20247.760000000002,Cinema,Auto Debit,High
8a3cbb99-b8e3-4744-ae43-6e6b46952dbb,2023-01-06,Transport,Transport,36.0,debit,20211.760000000002,Uber,Debit Card,High
e0eb73ad-2570-4e42-97e9-fc9c273d0028,2023-01-07,Groceries,Groceries,33.36,debit,20178.4,SuperMart,Credit Card,High
f7ed1151-bf8d-4c70-b906-f6f0fd6f4b1d,2023-01-07,Utilities,Utilities,250.0,debit,19928.4,City Utilities,Auto Debit,High
84daea05-3fd3-4aba-a93a-e760d9c7891a,2023-01-08,Transport,Transport,34.76,debit,19893.640000000003,Uber,Debit Card,High
b10444d4-c6fa-47fc-9dd5-1fdb13d188fb,2023-01-08,Shopping,Shopping,74.53,debit,19819.110000000004,Amazon,Credit Card,High
a5662bf0-7ff6-4eb8-9816-2c7e52ac967d,2023-01-08,Shopping,Shopping,32.77,debit,19786.340000000004,Amazon,UPI,High
1abb999d-9799-4d0d-9fcd-507fe497ff7c,2023-01-08,Shopping,Shopping,28.99,debit,19757.350000000002,Amazon,Credit Card,High
aedb5c51-c19f-49b7-ae0f-a61b3629ebc2,2023-01-08,Groceries,Groceries,16.39,debit,19740.960000000003,SuperMart,Credit Card,High
65d5f265-0233-476b-bb9c-f919a1fe60d9,2023-01-09,Dining,Dining,33.99,debit,19706.97,Restaurant,Credit Card,High
0bc163aa-7a08-4c9c-842b-7e2efc285402,2023-01-09,Shopping,Shopping,23.72,debit,19683.25,Amazon,UPI,High
2b004d60-39b8-4eb5-80cb-1955b55c3743,2023-01-10,Transport,Transport,25.23,debit,19658.02,Uber,UPI,High
f925db25-a82b-4e4c-9b09-62c41303506d,2023-01-11,Dining,Dining,23.97,debit,19634.05,Restaurant,Debit Card,High
c07a228d-3e32-43bd-bfec-0a740be1e359,2023-01-11,Shopping,Shopping,37.21,debit,19596.84,Amazon,Credit Card,High
7ea1d8cc-6e38-4d51-91ae-f2d9b1eb9eda,2023-01-12,Transport,Transport,37.34,debit,19559.5,Uber,Credit Card,High
941086af-57a1-47f9-8fed-cc03d086bc4e,2023-01-12,Dining,Dining,38.01,debit,19521.49,Restaurant,Debit Card,High
3ff6fe08-cff2-4563-a01b-e6dbc38042a6,2023-01-13,Dining,Dining,68.99,debit,19452.5,Restaurant,Credit Card,High
d8070b03-6883-4798-9581-ea44b1f9c027,2023-01-13,Transport,Transport,22.94,debit,19429.56,Uber,Debit Card,High
268af7a4-add3-4bdc-b7bf-0174ff2fc089,2023-01-13,Shopping,Shopping,34.97,debit,19394.59,Amazon,Debit Card,High
3431acf7-33e5-42c9-ad21-175ff8d39677,2023-01-14,Groceries,Groceries,116.69,debit,19277.9,SuperMart,Credit Card,High
8c59bbc9-0c1e-4e2f-bccb-aaa309ca7a5a,2023-01-14,Dining,Dining,11.38,debit,19266.52,Restaurant,Credit Card,High
971c701d-6b5c-4fc6-a214-e2579058ef33,2023-01-15,Shopping,Shopping,16.19,debit,19250.33,Amazon,Debit Card,High
643e5db7-d8a0-40e3-9439-a381bd1b084d,2023-01-15,Transport,Transport,43.13,debit,19207.2,Uber,UPI,High
d247daf4-60b2-4389-88ac-344c395ff45a,2023-01-15,Dining,Dining,41.49,debit,19165.71,Restaurant,UPI,High
6a333617-477c-4aa1-b8fb-78287790fea4,2023-01-17,Groceries,Groceries,30.0,debit,19135.71,SuperMart,UPI,High
e35f0d89-2d69-41dd-8fb5-348f2428cf01,2023-01-18,Dining,Dining,10.8,debit,19124.91,Restaurant,Credit Card,High
1bf14bbe-cb88-4328-b5b9-80a2dab06ab7,2023-01-18,Shopping,Shopping,51.85,debit,19073.06,Amazon,UPI,High
6237016f-2607-4fd3-af8b-7d4fb9c56a89,2023-01-19,Transport,Transport,44.21,debit,19028.850000000002,Uber,Credit Card,High
e6d25a8e-c71f-4136-8ae5-5a6c4fde1b60,2023-01-19,Subscriptions,Subscriptions,60.0,debit,18968.850000000002,Streaming Service,Auto Debit,High
4487cfa5-ccf7-4041-844a-8e30681b6f6c,2023-01-20,Transport,Transport,14.88,debit,18953.97,Uber,Debit Card,High
325a8739-b95c-4ab7-a2e6-ba513c3aa564,2023-01-20,Dining,Dining,61.6,debit,18892.370000000003,Restaurant,Debit Card,High
17680f72-8117-4378-9e29-f69a4fd73bf4,2023-01-20,Transport,Transport,56.97,debit,18835.4,Uber,UPI,High
9d407322-f235-489d-a96a-f7f3ac7db11c,2023-01-21,Rent,Rent,2000.0,debit,16835.4,Landlord,Auto Debit,High
d76a14db-23bb-41e5-88d0-776c8f364e4f,2023-01-21,Transport,Transport,48.76,debit,16786.640000000003,Uber,Credit Card,High
917120a5-7706-44d9-ab7b-31a650a250d3,2023-01-22,Transport,Transport,19.24,debit,16767.4,Uber,Debit Card,High
8b57dc58-fa3b-4cd4-9f38-5d2e16309b13,2023-01-23,Shopping,Shopping,13.17,debit,16754.230000000003,Amazon,UPI,High
588f3285-52db-4e13-93d8-3cfebabfcc13,2023-01-23,Dining,Dining,68.43,debit,16685.800000000003,Restaurant,Debit Card,High
6d179985-b92d-4cc4-b735-805fb142dddc,2023-01-23,Dining,Dining,46.7,debit,16639.100000000002,Restaurant,UPI,High
cb1129cf-1811-444c-afc6-6ec266a42ece,2023-01-23,Transport,Transport,32.01,debit,16607.090000000004,Uber,Credit Card,High
941871d0-4889-4135-82a3-674f88597970,2023-01-23,Dining,Dining,10.42,debit,16596.670000000006,Restaurant,UPI,High
22e39119-9715-4cad-b43b-19e7711312d1,2023-01-23,Transport,Transport,58.48,debit,16538.190000000006,Uber,UPI,High
a4f503c7-5be0-4858-9b0c-b67c48911e52,2023-01-24,Groceries,Groceries,87.89,debit,16450.300000000007,SuperMart,UPI,High
4947a456-8059-4c31-b020-01a74c395daf,2023-01-24,Groceries,Groceries,27.16,debit,16423.140000000007,SuperMart,Debit Card,High
b3f7982a-6330-4475-8273-ccfe63b3846a,2023-01-24,Dining,Dining,37.03,debit,16386.110000000008,Restaurant,Debit Card,High
7de16ad2-2c90-4aec-89c7-b5f1429540ae,2023-01-25,Dining,Dining,12.8,debit,16373.310000000009,Restaurant,Credit Card,High
25e8b349-930f-4abc-843c-569c0d840e75,2023-01-26,Shopping,Shopping,68.01,debit,16305.300000000008,Amazon,Debit Card,High
b7fc0a8b-5d6a-4463-aea3-dba00576f472,2023-01-26,Dining,Dining,50.82,debit,16254.480000000009,Restaurant,Credit Card,High
936d941a-439e-4e02-b733-27d153ab836a,2023-01-27,Transport,Transport,25.59,debit,16228.890000000009,Uber,Debit Card,High
b5064c4d-1bbd-4d31-99be-37a506d50fd0,2023-01-28,Transport,Transport,55.47,debit,16173.42000000001,Uber,Credit Card,High
51481465-190e-4bf6-90d8-e35492989df7,2023-01-29,EMI,EMI,800.0,debit,15373.42000000001,Bank Loan,Auto Debit,High
8372d607-3826-49ca-b550-8dd37c52c331,2023-01-30,Dining,Dining,66.53,debit,15306.890000000009,Restaurant,Debit Card,High
782129e0-3716-46fc-98a8-c626b57b6172,2023-01-30,Healthcare,Healthcare,150.0,debit,15156.890000000009,Pharmacy,Auto Debit,High
c25127c9-7c6b-43d6-bfa9-914f55c4ce88,2023-01-31,Insurance,Insurance,300.0,debit,14856.890000000009,Insurance Co.,Auto Debit,High
2505f995-8e4c-4054-8ac8-60c35a7b1f8c,2023-01-31,Dining,Dining,47.1,debit,14809.790000000008,Restaurant,Debit Card,High
8c088055-212e-4965-bdd9-0c5840033b02,2023-02-01,Transport,Transport,54.96,debit,14754.830000000009,Uber,UPI,Moderate
1ffbe1d8-d98e-4678-8b38-3855702fb309,2023-02-01,Transport,Transport,44.88,debit,14709.95000000001,Uber,UPI,Moderate
31aa0b32-ff0d-4adc-995c-7b0b8a0d441f,2023-02-01,Healthcare,Healthcare,150.49,debit,14559.46000000001,Pharmacy,Auto Debit,Moderate
b4d87754-356d-4fa1-8820-8445ce785662,2023-02-01,Transport,Transport,41.34,debit,14518.12000000001,Uber,Credit Card,Moderate
886c9a56-31e3-4279-9ec4-388e7e6c595b,2023-02-03,Shopping,Shopping,23.11,debit,14495.01000000001,Amazon,UPI,Moderate
aceb88c8-2471-4fce-84bc-dfada094df9d,2023-02-03,Dining,Dining,63.44,debit,14431.570000000009,Restaurant,Debit Card,Moderate
7c69978b-6c16-4a3c-ba60-db8b0d3be524,2023-02-03,Shopping,Shopping,76.25,debit,14355.320000000009,Amazon,Debit Card,Moderate
01a137c1-a10b-43e0-a780-d3cbd99897e2,2023-02-04,Dining,Dining,56.43,debit,14298.890000000009,Restaurant,UPI,Moderate
dc4991da-f051-4e8f-950d-df505d0ce738,2023-02-05,Groceries,Groceries,103.84,debit,14195.050000000008,SuperMart,UPI,Moderate
95ccaace-bc03-4219-a7dc-b138185fd4a3,2023-02-05,Shopping,Shopping,72.96,debit,14122.09000000001,Amazon,UPI,Moderate
9cc0c18c-c0e3-440d-bcab-d24c312ebee9,2023-02-05,Groceries,Groceries,83.84,debit,14038.25000000001,SuperMart,UPI,Moderate
237773e7-1281-48eb-b203-a6c720683969,2023-02-05,Monthly Salary,Income,6000.0,credit,20038.250000000007,Employer Inc.,Bank Transfer,Moderate
ab9ae376-2f90-4a10-b53e-b0325cec4b4e,2023-02-06,Utilities,Utilities,250.82,debit,19787.430000000008,City Utilities,Auto Debit,Moderate
492f445e-d39b-4d13-8e05-b88bebcd977b,2023-02-06,Transport,Transport,20.13,debit,19767.300000000007,Uber,Debit Card,Moderate
b9319a1f-7d22-433d-bfc2-65dc8c018de4,2023-02-06,Shopping,Shopping,17.73,debit,19749.570000000007,Amazon,Debit Card,Moderate
4970c57a-e184-49a2-a1e0-414e0a40135d,2023-02-07,Transport,Transport,20.19,debit,19729.38000000001,Uber,Credit Card,Moderate
9109cc50-6a56-4b43-b760-701be59251bf,2023-02-07,Rent,Rent,2006.55,debit,17722.83000000001,Landlord,Auto Debit,Moderate
8998c8f1-2e26-40c3-8ebe-615efdce8ab7,2023-02-08,EMI,EMI,802.62,debit,16920.21000000001,Bank Loan,Auto Debit,Moderate
9363ae4e-42a1-4cbb-90ae-036e1bba02e0,2023-02-08,Transport,Transport,15.3,debit,16904.91000000001,Uber,Credit Card,Moderate
697a7540-c643-4017-b56f-a929ec741f2f,2023-02-08,Entertainment,Entertainment,250.82,debit,16654.09000000001,Cinema,Auto Debit,Moderate
f5409a49-5521-4242-9d1e-1f24ec55cf6c,2023-02-08,Shopping,Shopping,33.72,debit,16620.37000000001,Amazon,Credit Card,Moderate
408a956f-e80a-4ac7-8a8c-3c35940f2512,2023-02-08,Groceries,Groceries,88.53,debit,16531.84000000001,SuperMart,UPI,Moderate
7e9c4ec3-a7a4-43b9-975b-2b0ba1a9ddb2,2023-02-09,Dining,Dining,52.96,debit,16478.880000000012,Restaurant,UPI,Moderate
8f3c8429-6d11-4c5f-9443-55ddc5ce3428,2023-02-09,Groceries,Groceries,76.89,debit,16401.990000000013,SuperMart,UPI,Moderate
f66cc3cc-5146-446e-baf2-e9d39d86d883,2023-02-09,Groceries,Groceries,31.95,debit,16370.040000000012,SuperMart,Credit Card,Moderate
69afabdc-c914-40db-a3bf-9b5590adafd4,2023-02-10,Transport,Transport,40.34,debit,16329.700000000012,Uber,UPI,Moderate
38572040-3e1b-4a66-b49c-e5152790cb54,2023-02-10,Transport,Transport,32.05,debit,16297.650000000012,Uber,Debit Card,Moderate
cc308c19-ac02-4dd8-ac03-a084bdbbf094,2023-02-11,Dining,Dining,35.75,debit,16261.900000000012,Restaurant,Credit Card,Moderate
b55cbca1-2efb-46af-a152-3c83fbfeda0b,2023-02-11,Transport,Transport,54.2,debit,16207.700000000012,Uber,Debit Card,Moderate
0dbb7210-68bc-417a-aa66-0f9ac611a23a,2023-02-11,Freelance Project,Side Income,1020.0,credit,17227.70000000001,Client Payment,Bank Transfer,Moderate
befa4bc8-06c6-4828-9f0e-94d0bded992f,2023-02-12,Transport,Transport,24.84,debit,17202.86000000001,Uber,Debit Card,Moderate
78ecf19c-c279-41d7-b5ca-09b92cf281dd,2023-02-12,Groceries,Groceries,111.01,debit,17091.850000000013,SuperMart,Credit Card,Moderate
1f2c7873-cd25-4279-9cc3-36a42629aa96,2023-02-12,Transport,Transport,57.33,debit,17034.52000000001,Uber,Credit Card,Moderate
d12a5e47-aa6b-48a3-b7ec-b64e79939839,2023-02-13,Groceries,Groceries,42.4,debit,16992.12000000001,SuperMart,UPI,Moderate
a43d0837-3b02-42c1-881f-141d7dfb8be5,2023-02-13,Shopping,Shopping,45.89,debit,16946.23000000001,Amazon,UPI,Moderate
51f9c33d-644c-4e20-a6bf-ff92a0462801,2023-02-13,Dining,Dining,38.44,debit,16907.79000000001,Restaurant,UPI,Moderate
65029019-70fc-4d1a-b5c0-9984b8449af6,2023-02-14,Dining,Dining,48.4,debit,16859.39000000001,Restaurant,UPI,Moderate
7bc1d7d8-4678-4c56-94e5-3e0e37d8b955,2023-02-14,Shopping,Shopping,40.01,debit,16819.380000000012,Amazon,Credit Card,Moderate
57ac78fd-daac-40e7-8d66-64a113b81325,2023-02-15,Shopping,Shopping,18.42,debit,16800.960000000014,Amazon,Credit Card,Moderate
a6abc47b-13ee-4d92-b9fd-8823c7af6501,2023-02-15,Shopping,Shopping,25.61,debit,16775.350000000013,Amazon,UPI,Moderate
14d61407-2bc3-4c5d-8a94-04dc683577a1,2023-02-15,Groceries,Groceries,11.55,debit,16763.800000000014,SuperMart,Credit Card,Moderate
775a2498-a7ca-40da-94e7-6b24469bd88a,2023-02-15,Dining,Dining,17.2,debit,16746.600000000013,Restaurant,UPI,Moderate
9dbb76b8-40a9-4dea-9f93-714bbb32d6b9,2023-02-16,Shopping,Shopping,32.34,debit,16714.260000000013,Amazon,UPI,Moderate
d80a431d-08f1-40d9-bc67-27e5b356aba5,2023-02-16,Groceries,Groceries,59.62,debit,16654.640000000014,SuperMart,Credit Card,Moderate
19490557-6301-4e51-b207-43301f70276c,2023-02-16,Shopping,Shopping,72.71,debit,16581.930000000015,Amazon,Credit Card,Moderate
9f131a52-98f4-4cc9-8278-6fb1270834e0,2023-02-17,Transport,Transport,37.1,debit,16544.830000000016,Uber,UPI,Moderate
63bbf599-8484-46a2-b7e7-03ca05c83ec9,2023-02-17,Transport,Transport,38.27,debit,16506.560000000016,Uber,Credit Card,Moderate
6b1417e6-63cb-4802-a52e-65a39aefafa9,2023-02-17,Shopping,Shopping,26.02,debit,16480.540000000015,Amazon,UPI,Moderate
e33d8c08-1544-48b4-a1b1-bb189b6c2d33,2023-02-17,Transport,Transport,44.91,debit,16435.630000000016,Uber,Credit Card,Moderate
ab2c1b23-ef09-4896-9471-5848589bbf3f,2023-02-18,Shopping,Shopping,67.48,debit,16368.150000000016,Amazon,UPI,Moderate
79e6486f-5727-48b6-9d25-dd1a78a354ae,2023-02-18,Groceries,Groceries,97.23,debit,16270.920000000016,SuperMart,UPI,Moderate
b4266fbc-a1a3-4618-9dbe-21a74901b139,2023-02-18,Dining,Dining,39.74,debit,16231.180000000017,Restaurant,Debit Card,Moderate
7db12264-a3e4-490f-9386-0c8c1cbda4a1,2023-02-18,Subscriptions,Subscriptions,60.2,debit,16170.980000000016,Streaming Service,Auto Debit,Moderate
130cbf5a-76df-432b-aaa8-2b1f6a65f578,2023-02-18,Transport,Transport,40.06,debit,16130.920000000016,Uber,UPI,Moderate
cef7509c-1133-4fb8-99ee-ba79e840f392,2023-02-19,Groceries,Groceries,112.26,debit,16018.660000000016,SuperMart,Debit Card,Moderate
f79a92c1-8473-456c-891d-e884a6779441,2023-02-19,Insurance,Insurance,300.98,debit,15717.680000000017,Insurance Co.,Auto Debit,Moderate
c852355c-f8ed-4d49-9584-deaa1289bc61,2023-02-19,Groceries,Groceries,81.87,debit,15635.810000000016,SuperMart,Debit Card,Moderate
ac6b3e46-d4f8-4322-9b71-90c50d69af17,2023-02-19,Shopping,Shopping,66.47,debit,15569.340000000017,Amazon,Credit Card,Moderate
28b26803-d28b-4170-ad8e-2fac405f59b4,2023-02-21,Groceries,Groceries,53.59,debit,15515.750000000016,SuperMart,Debit Card,Moderate
7aa20d1a-ae10-41f4-bab8-84a5c31f7a89,2023-02-21,Shopping,Shopping,39.33,debit,15476.420000000016,Amazon,Debit Card,Moderate
d5eae666-4c25-420e-8c98-bc628eb91b02,2023-02-22,Dining,Dining,43.81,debit,15432.610000000017,Restaurant,UPI,Moderate
7e9f6287-c534-4b02-897a-07584fa20c1f,2023-02-23,Shopping,Shopping,70.48,debit,15362.130000000017,Amazon,Credit Card,Moderate
a89ec7ef-cbf7-4806-b235-75769d0fe745,2023-02-23,Shopping,Shopping,10.49,debit,15351.640000000018,Amazon,Debit Card,Moderate
3c0d66f3-59aa-4b82-bd9d-43ff7bdc3062,2023-02-23,Performance Bonus,Income,1014.0,credit,16365.640000000018,Employer Inc.,Bank Transfer,Moderate
ca760ea9-cf9a-4fc5-967f-a5eb03b41ab7,2023-02-24,Transport,Transport,33.86,debit,16331.780000000017,Uber,Debit Card,Moderate
c8777565-17ab-41a7-86dc-895d8c078918,2023-02-25,Groceries,Groceries,20.53,debit,16311.250000000016,SuperMart,Credit Card,Moderate
2b6b0c40-020c-4b40-aa98-c438a7cea49b,2023-02-25,Shopping,Shopping,47.9,debit,16263.350000000017,Amazon,UPI,Moderate
86b3ebe5-2efd-42fd-bb55-ebb76812ff06,2023-02-25,Shopping,Shopping,66.73,debit,16196.620000000017,Amazon,Credit Card,Moderate
038b5ecb-9533-48cc-8496-e427bddeef74,2023-02-25,Dining,Dining,41.48,debit,16155.140000000018,Restaurant,UPI,Moderate
19c314df-09b6-428a-9215-168aa36a91f0,2023-02-26,Dining,Dining,53.94,debit,16101.200000000017,Restaurant,UPI,Moderate
48599882-259b-4e73-9704-8b4fa54161f6,2023-02-28,Dining,Dining,55.82,debit,16045.380000000017,Restaurant,Credit Card,Moderate
ae97034d-7446-46a5-9cb6-746be0219107,2023-02-28,Transport,Transport,16.99,debit,16028.390000000018,Uber,UPI,Moderate
c6a8ca83-b4c8-4743-92ed-77d1496fceae,2023-02-28,Groceries,Groceries,50.94,debit,15977.450000000017,SuperMart,Credit Card,Moderate
c0771032-a046-4bbe-a525-67957ac25ecb,2023-03-02,Transport,Transport,22.2,debit,15955.250000000016,Uber,UPI,High
e002ce1c-5637-4142-a3c7-8aad035c15f9,2023-03-02,Insurance,Insurance,301.97,debit,15653.280000000017,Insurance Co.,Auto Debit,High
22fdea97-94f8-437b-ab81-8ec7aa827cee,2023-03-03,Groceries,Groceries,38.13,debit,15615.150000000018,SuperMart,UPI,High
21d6db9e-ed1a-4ae4-9c55-f360f52f962a,2023-03-03,Shopping,Shopping,22.3,debit,15592.850000000019,Amazon,Credit Card,High
4b12f2b8-8739-4a20-b3f5-49092d211c65,2023-03-03,Groceries,Groceries,120.54,debit,15472.310000000018,SuperMart,UPI,High
f7460cc5-a8c1-4fc2-b545-c508b05d1406,2023-03-04,Dining,Dining,69.59,debit,15402.720000000018,Restaurant,UPI,High
9169e21d-3cad-4849-9b38-441fbdae0bb4,2023-03-04,Transport,Transport,33.7,debit,15369.020000000017,Uber,Credit Card,High
23efffad-16f0-446b-9187-2fc0c26b1a90,2023-03-04,Shopping,Shopping,46.12,debit,15322.900000000016,Amazon,Credit Card,High
315faae5-7087-4744-84b8-49c0259bd93e,2023-03-05,Monthly Salary,Income,6000.0,credit,21322.900000000016,Employer Inc.,Bank Transfer,High
2a59fcb9-ab32-490d-b9e0-c698fd072c44,2023-03-06,Subscriptions,Subscriptions,60.39,debit,21262.510000000017,Streaming Service,Auto Debit,High
1045ea3d-dba6-41fa-8e2c-f83196e2f4f2,2023-03-06,Shopping,Shopping,58.73,debit,21203.780000000017,Amazon,Debit Card,High
6e4a9d1f-7744-4996-8cac-9c68ab87d222,2023-03-07,Transport,Transport,50.23,debit,21153.550000000017,Uber,UPI,High
c5c19ea8-7d33-46fb-9079-e8830bc29294,2023-03-07,Shopping,Shopping,76.06,debit,21077.490000000016,Amazon,Debit Card,High
48184175-ef34-4c1f-8aa0-b3a57ab697e0,2023-03-07,Dining,Dining,39.59,debit,21037.900000000016,Restaurant,Credit Card,High
c16949cc-4706-40e4-a122-59b2cc56ecdb,2023-03-08,Transport,Transport,51.14,debit,20986.760000000017,Uber,Credit Card,High
b71e8a44-43b1-4e26-a9ee-09e5a861e270,2023-03-08,Dining,Dining,24.48,debit,20962.280000000017,Restaurant,Debit Card,High
16264a5f-d1a2-4d9e-a609-8aa834b12094,2023-03-08,Groceries,Groceries,17.19,debit,20945.09000000002,SuperMart,Credit Card,High
6f73356e-7ceb-4d74-9909-95d480c56cc6,2023-03-08,Groceries,Groceries,87.14,debit,20857.95000000002,SuperMart,Credit Card,High
e2eac539-9bab-44d2-b172-50b785364ba0,2023-03-08,Groceries,Groceries,39.56,debit,20818.390000000018,SuperMart,Debit Card,High
9935620b-9944-470e-9706-ac82a9910f91,2023-03-09,Entertainment,Entertainment,251.64,debit,20566.75000000002,Cinema,Auto Debit,High
c3831185-0313-4e1d-8818-7ed4f713441a,2023-03-11,Transport,Transport,30.1,debit,20536.65000000002,Uber,Credit Card,High
4d3e8d6e-c3e2-4923-817c-5b1e597b35a2,2023-03-13,EMI,EMI,805.25,debit,19731.40000000002,Bank Loan,Auto Debit,High
2d482a72-0c5d-4baf-b094-01fd15a3ed0b,2023-03-13,Transport,Transport,59.56,debit,19671.84000000002,Uber,UPI,High
052965e9-2ba4-4e7d-8902-62af8ff0bee2,2023-03-14,Dining,Dining,24.63,debit,19647.210000000017,Restaurant,Debit Card,High
c346f6a3-fe0f-494f-9ffb-08588ea513cf,2023-03-14,Transport,Transport,14.07,debit,19633.140000000018,Uber,Debit Card,High
4e3514d6-7498-4a90-a7c2-c545d80d9ffd,2023-03-14,Transport,Transport,35.61,debit,19597.530000000017,Uber,Credit Card,High
2488bb2c-a17d-4511-9b5e-d44e5c18a58b,2023-03-15,Shopping,Shopping,11.17,debit,19586.36000000002,Amazon,UPI,High
0037ca66-4eaf-47fd-b49f-b6f672132efa,2023-03-15,Shopping,Shopping,51.67,debit,19534.69000000002,Amazon,Credit Card,High
fe102719-72f4-4c0a-8f9f-2cec242306c9,2023-03-15,Transport,Transport,17.6,debit,19517.090000000022,Uber,Credit Card,High
ce1542a5-a86f-4e38-89cb-41cbec11d174,2023-03-15,Transport,Transport,28.63,debit,19488.46000000002,Uber,UPI,High
d3f71daa-5bd1-46a5-ad0c-eb1a22612832,2023-03-16,Dining,Dining,40.39,debit,19448.07000000002,Restaurant,Credit Card,High
552d210f-20bb-4266-af9f-983948ec4df9,2023-03-16,Shopping,Shopping,37.27,debit,19410.80000000002,Amazon,Debit Card,High
a636a0e3-7a19-49a6-8dae-25efb62c4f23,2023-03-18,Dining,Dining,13.11,debit,19397.69000000002,Restaurant,Credit Card,High
c86039b9-056b-4e29-a1dc-539230040f4c,2023-03-19,Rent,Rent,2013.12,debit,17384.57000000002,Landlord,Auto Debit,High
e123dc5f-0ecc-4022-90c9-c815bc0a67de,2023-03-19,Dining,Dining,64.91,debit,17319.66000000002,Restaurant,Debit Card,High
2be790f9-4049-4b62-a6b0-ae27b05e6bb4,2023-03-21,Transport,Transport,50.47,debit,17269.19000000002,Uber,UPI,High
dee133f4-930d-495b-973d-d78eaeac6e61,2023-03-21,Shopping,Shopping,25.97,debit,17243.22000000002,Amazon,UPI,High
13a3862c-6b23-4423-90e2-b5a3e4ab34b0,2023-03-21,Groceries,Groceries,37.35,debit,17205.87000000002,SuperMart,Credit Card,High
44d149b9-27a4-42a0-8325-97e116d6af3a,2023-03-22,Utilities,Utilities,251.64,debit,16954.23000000002,City Utilities,Auto Debit,High
ae15d3c5-e38e-4aa0-9246-9633bcf7bf11,2023-03-24,Dining,Dining,26.85,debit,16927.380000000023,Restaurant,UPI,High
40e90880-977e-47f6-bec6-dc7e4905ea9f,2023-03-26,Dining,Dining,18.76,debit,16908.620000000024,Restaurant,Debit Card,High
f9fc9913-a4f9-43e2-b5cc-7f289806c0e8,2023-03-27,Shopping,Shopping,55.5,debit,16853.120000000024,Amazon,Credit Card,High
882f603b-f133-4b1f-9459-a6e9aeb7d02a,2023-03-28,Shopping,Shopping,57.78,debit,16795.340000000026,Amazon,Credit Card,High
25ef76d6-0f58-4313-94f5-67818304d93c,2023-03-28,Groceries,Groceries,26.41,debit,16768.930000000026,SuperMart,Debit Card,High
4fd4e3e3-30be-4936-89c5-b20e13e226f1,2023-03-29,Healthcare,Healthcare,150.98,debit,16617.950000000026,Pharmacy,Auto Debit,High
6145e7c3-981e-4d83-98c5-47e84fd1ed26,2023-03-29,Groceries,Groceries,88.91,debit,16529.040000000026,SuperMart,Credit Card,High
0e639637-e926-4c45-b374-f045d9be131b,2023-04-01,Freelance Project,Side Income,650.0,credit,17179.040000000026,Client Payment,Bank Transfer,High
73451345-0854-484d-92fc-f4f35b1dd82c,2023-04-01,Transport,Transport,43.27,debit,17135.770000000026,Uber,Debit Card,High
d4af2fc5-0729-4a0d-a8ab-73a5a2cffa55,2023-04-02,Groceries,Groceries,48.83,debit,17086.940000000024,SuperMart,Credit Card,High
101f5e4d-30e6-4600-983a-7904c4562747,2023-04-03,Utilities,Utilities,252.46,debit,16834.480000000025,City Utilities,Auto Debit,High
e15a7d80-aad0-48aa-a342-eed873b5897a,2023-04-04,Shopping,Shopping,50.49,debit,16783.990000000023,Amazon,Credit Card,High
40f0fed1-00ec-4076-b686-1f0f72319827,2023-04-04,Transport,Transport,14.74,debit,16769.250000000022,Uber,Credit Card,High
aa9240d8-780b-41b5-820d-e76018eb0c41,2023-04-05,Monthly Salary,Income,6000.0,credit,22769.250000000022,Employer Inc.,Bank Transfer,High
788037c2-a16e-45f8-ad97-7268173cfe70,2023-04-05,Subscriptions,Subscriptions,60.59,debit,22708.66000000002,Streaming Service,Auto Debit,High
9d069d25-a532-4672-8f39-1b4503e6f26e,2023-04-05,Transport,Transport,22.34,debit,22686.32000000002,Uber,Debit Card,High
5c0da1d5-1caf-47b2-89c1-23c862b920b3,2023-04-06,Groceries,Groceries,108.63,debit,22577.69000000002,SuperMart,Credit Card,High
211511cf-b65d-4105-86e3-c6f9ea28f776,2023-04-06,Transport,Transport,41.93,debit,22535.76000000002,Uber,Debit Card,High
f139740e-38aa-4860-b6f8-68a24726b772,2023-04-07,Groceries,Groceries,20.35,debit,22515.41000000002,SuperMart,Debit Card,High
f7d47be3-68b8-4313-93a5-562f4714e375,2023-04-07,Groceries,Groceries,109.75,debit,22405.66000000002,SuperMart,Credit Card,High
168dc530-a586-4c39-b2cf-d499d30bd69b,2023-04-07,Dining,Dining,70.35,debit,22335.310000000023,Restaurant,UPI,High
4f5c9892-5069-453c-8e92-a0853f16f60f,2023-04-08,Dining,Dining,11.1,debit,22324.210000000025,Restaurant,Debit Card,High
f937ce36-0f73-4007-9680-6fe8c4070228,2023-04-08,Dining,Dining,32.59,debit,22291.620000000024,Restaurant,UPI,High
e852b595-3e56-44d6-b763-21d5efcaf6ad,2023-04-09,Shopping,Shopping,64.4,debit,22227.220000000023,Amazon,Credit Card,High
0fe18bc8-9ff5-4a53-af09-c35ab477a105,2023-04-09,Groceries,Groceries,38.68,debit,22188.540000000023,SuperMart,Debit Card,High
b7db8a51-32d2-43b3-9bbf-c64230594593,2023-04-09,EMI,EMI,807.88,debit,21380.66000000002,Bank Loan,Auto Debit,High
36c76293-a11e-4523-a215-f542a6b32381,2023-04-10,Groceries,Groceries,83.38,debit,21297.28000000002,SuperMart,Debit Card,High
f61c1364-1281-4d1b-897c-6bb416ffed2f,2023-04-10,Dining,Dining,32.24,debit,21265.04000000002,Restaurant,Debit Card,High
3abe3b07-91af-41ff-a6ab-2d4995de2dbe,2023-04-10,Shopping,Shopping,45.34,debit,21219.70000000002,Amazon,UPI,High
f36850d8-b931-4a75-8a40-801dd5cff361,2023-04-10,Shopping,Shopping,55.67,debit,21164.03000000002,Amazon,UPI,High
4141cd54-0f4c-4a2b-a37f-f601b44a4743,2023-04-11,Dining,Dining,55.16,debit,21108.87000000002,Restaurant,Credit Card,High
65aa6e17-0723-457c-a86e-8a65fe958de7,2023-04-12,Transport,Transport,55.13,debit,21053.74000000002,Uber,Debit Card,High
3c0f588b-8b94-4871-aa3e-9efed6ce9573,2023-04-13,Dining,Dining,50.6,debit,21003.14000000002,Restaurant,Credit Card,High
a638e6c3-9a3f-4b86-a288-00048fd3e54c,2023-04-13,Dining,Dining,39.97,debit,20963.17000000002,Restaurant,Credit Card,High
9359fd0a-b363-4436-8de5-027eeaf137b1,2023-04-13,Rent,Rent,2019.71,debit,18943.46000000002,Landlord,Auto Debit,High
41ff9fc3-b13e-4a45-afe5-3e27b86321ec,2023-04-14,Dining,Dining,27.23,debit,18916.23000000002,Restaurant,UPI,High
bfed2eb8-d688-46b5-ba19-a5ed18ad312e,2023-04-16,Groceries,Groceries,36.89,debit,18879.340000000022,SuperMart,Credit Card,High
cbe16e9d-7781-4a0a-b3e6-32ab4f7c8a0f,2023-04-17,Transport,Transport,23.42,debit,18855.920000000024,Uber,Debit Card,High
7258101b-bf91-41ce-8321-f553636e8339,2023-04-17,Groceries,Groceries,109.74,debit,18746.180000000022,SuperMart,UPI,High
e99e549d-0327-4a1e-8038-b689798f3348,2023-04-17,Groceries,Groceries,96.71,debit,18649.470000000023,SuperMart,Credit Card,High
0039a1b4-a9b1-4dec-b8fb-af87a7f74c7a,2023-04-17,Shopping,Shopping,71.17,debit,18578.300000000025,Amazon,Credit Card,High
8b1ef71b-3da0-4812-a344-eea308b3206d,2023-04-17,Dining,Dining,39.47,debit,18538.830000000024,Restaurant,Debit Card,High
2bd3a187-a32e-4dd6-9e81-8d715816d817,2023-04-18,Shopping,Shopping,34.78,debit,18504.050000000025,Amazon,UPI,High
f4505422-bd1a-47da-82f3-cc027fde4b33,2023-04-18,Groceries,Groceries,80.39,debit,18423.660000000025,SuperMart,Credit Card,High
1491ac49-bbc0-40ce-a446-e92c0f10c336,2023-04-18,Insurance,Insurance,302.96,debit,18120.700000000026,Insurance Co.,Auto Debit,High
7d822112-5b13-4972-9161-8f327363b7c1,2023-04-18,Transport,Transport,28.6,debit,18092.100000000028,Uber,Credit Card,High
cda849b2-4f99-4a1a-8637-4493fb9602c4,2023-04-19,Dining,Dining,28.53,debit,18063.57000000003,Restaurant,UPI,High
dd3a2f9d-8a17-4c4b-8311-4cfea00e6a83,2023-04-19,Groceries,Groceries,90.71,debit,17972.86000000003,SuperMart,Debit Card,High
0525459e-9765-4ed5-ae59-82bdfe0722ed,2023-04-19,Groceries,Groceries,110.11,debit,17862.75000000003,SuperMart,UPI,High
0a718afe-d7be-4a08-a0ae-3c804c63af28,2023-04-20,Transport,Transport,38.75,debit,17824.00000000003,Uber,UPI,High
ef1b60d4-2046-433e-a752-a40cd2a78215,2023-04-20,Dining,Dining,69.09,debit,17754.91000000003,Restaurant,Credit Card,High
13e3adfa-7ecd-4e1d-ba18-7d3390147405,2023-04-20,Dining,Dining,67.06,debit,17687.850000000028,Restaurant,Credit Card,High
cf947455-9742-4ee3-9099-005e87eafd7f,2023-04-20,Dining,Dining,66.78,debit,17621.07000000003,Restaurant,Credit Card,High
05312f30-1da0-4c09-b44b-5009dee519d8,2023-04-22,Dining,Dining,57.66,debit,17563.41000000003,Restaurant,Credit Card,High
7beba26e-3f6f-486e-bbfb-8b4ed2220b4a,2023-04-22,Groceries,Groceries,68.89,debit,17494.52000000003,SuperMart,UPI,High
e994c6d6-e304-43d3-ae43-70d2eb03c38a,2023-04-22,Dining,Dining,20.85,debit,17473.67000000003,Restaurant,UPI,High
d896f427-d0b5-4f7c-a98f-27d434be0cf0,2023-04-22,Shopping,Shopping,26.29,debit,17447.38000000003,Amazon,UPI,High
a5769b02-7f78-48fd-9620-dfee93df5491,2023-04-23,Groceries,Groceries,100.86,debit,17346.52000000003,SuperMart,UPI,High
1ec09264-7561-41f9-9280-7de13b28c02a,2023-04-23,Dining,Dining,20.68,debit,17325.84000000003,Restaurant,Debit Card,High
0247c1df-4625-4d8e-9757-fb60329b0af9,2023-04-24,Healthcare,Healthcare,151.48,debit,17174.36000000003,Pharmacy,Auto Debit,High
d3b6de70-27ec-4f92-8671-7e366b1922a3,2023-04-24,Groceries,Groceries,47.69,debit,17126.67000000003,SuperMart,Debit Card,High
c0bd10b0-8397-425a-a64f-cd13e9152227,2023-04-26,Groceries,Groceries,71.73,debit,17054.94000000003,SuperMart,UPI,High
2a4ee231-ab0b-4ee8-97a5-90fb369cbe84,2023-04-26,Shopping,Shopping,57.35,debit,16997.590000000033,Amazon,UPI,High
6619eb27-9b21-4583-8cbd-ca94c0e511f1,2023-04-27,Entertainment,Entertainment,252.46,debit,16745.130000000034,Cinema,Auto Debit,High
545e2f97-8b69-43bc-8706-32e39be5d9f8,2023-04-28,Groceries,Groceries,81.38,debit,16663.750000000033,SuperMart,Credit Card,High
8c754830-41de-4012-bacf-86732c99c197,2023-04-29,Transport,Transport,29.89,debit,16633.860000000033,Uber,Credit Card,High
347b3e33-e20c-43a0-bf67-c9c9ea5690a2,2023-04-29,Shopping,Shopping,13.09,debit,16620.770000000033,Amazon,Credit Card,High
69748f9e-1de1-4bce-aec5-2ef8e454386d,2023-04-29,Transport,Transport,59.23,debit,16561.540000000034,Uber,Credit Card,High
ab2c3ed3-60ec-48c5-bfb6-b872cfeb0582,2023-04-29,Dining,Dining,45.24,debit,16516.300000000032,Restaurant,UPI,High
98c9579b-c44d-4554-a430-8acce98c7898,2023-04-30,Dining,Dining,37.21,debit,16479.090000000033,Restaurant,Debit Card,High
9a5d28b5-d233-44e3-ab19-6dc9bc283bc2,2023-05-01,Shopping,Shopping,73.24,debit,16405.85000000003,Amazon,Credit Card,Moderate
9dc7c654-cba1-4b56-a9a9-3be1e95c958b,2023-05-01,Dining,Dining,44.73,debit,16361.120000000032,Restaurant,Credit Card,Moderate
bbb34695-28a0-499f-aed2-58d167087be9,2023-05-02,Groceries,Groceries,31.3,debit,16329.820000000032,SuperMart,Credit Card,Moderate
23dcf950-1297-4a5c-9c21-8c91e6536651,2023-05-03,Dining,Dining,15.92,debit,16313.900000000032,Restaurant,UPI,Moderate
53641ed3-29b8-40a2-87f6-2c08540f65a1,2023-05-03,Groceries,Groceries,18.41,debit,16295.490000000033,SuperMart,UPI,Moderate
5edb5e02-6845-4752-a1d5-9a95d5e6f5d5,2023-05-04,Transport,Transport,23.01,debit,16272.480000000032,Uber,Debit Card,Moderate
176fc41e-c260-48bc-9318-0130c596919f,2023-05-04,Shopping,Shopping,30.36,debit,16242.120000000032,Amazon,Debit Card,Moderate
7ff98996-66ec-4e41-a8b4-5ed1d86eb397,2023-05-05,Transport,Transport,53.1,debit,16189.020000000031,Uber,Credit Card,Moderate
d1efb49d-2e62-417d-a29a-5a544f60181a,2023-05-05,Transport,Transport,26.38,debit,16162.640000000032,Uber,Debit Card,Moderate
e5571bf0-bc37-4bd8-afc0-24cc9d35fbd1,2023-05-05,Shopping,Shopping,66.72,debit,16095.920000000033,Amazon,Credit Card,Moderate
582408d0-49a2-492e-b6d0-f9bd33ae5957,2023-05-05,Monthly Salary,Income,6000.0,credit,22095.920000000035,Employer Inc.,Bank Transfer,Moderate
5c594d57-69d9-4f58-be82-0d2eac133e1a,2023-05-07,Transport,Transport,25.06,debit,22070.860000000033,Uber,UPI,Moderate
d561dc01-0416-4006-a284-e28c140ebb1f,2023-05-07,Groceries,Groceries,93.43,debit,21977.430000000033,SuperMart,UPI,Moderate
9f5aba83-848e-4079-b911-c7d35f9df92f,2023-05-08,Transport,Transport,31.32,debit,21946.110000000033,Uber,UPI,Moderate
05c33d14-836e-4bfc-8cb2-721a004d539d,2023-05-08,Shopping,Shopping,12.65,debit,21933.460000000032,Amazon,Credit Card,Moderate
ed230de3-544d-444f-aebb-2378e9733552,2023-05-09,Shopping,Shopping,43.08,debit,21890.38000000003,Amazon,Credit Card,Moderate
23f665ab-3c6a-46c9-ad8d-c33685b1fac5,2023-05-09,Groceries,Groceries,119.38,debit,21771.00000000003,SuperMart,Credit Card,Moderate
991ab8d0-cd2b-416e-900d-6b9569f15908,2023-05-09,Dining,Dining,20.33,debit,21750.670000000027,Restaurant,Credit Card,Moderate
26ae5b18-d2cc-4e00-90f8-50fc8fceaede,2023-05-10,Freelance Project,Side Income,1017.0,credit,22767.670000000027,Client Payment,Bank Transfer,Moderate
ba1da919-b9a6-4048-9e1d-3df5ce66ac6a,2023-05-10,Transport,Transport,16.94,debit,22750.73000000003,Uber,Debit Card,Moderate
6caf3c83-98d1-4bf5-b3b6-4f1e8bf88777,2023-05-10,Insurance,Insurance,303.95,debit,22446.780000000028,Insurance Co.,Auto Debit,Moderate
1963f2d8-1247-407c-ad08-7b26b9ae3dab,2023-05-11,Groceries,Groceries,116.34,debit,22330.440000000028,SuperMart,Credit Card,Moderate
2f3f28c3-2963-495c-b102-14f65c7eaa50,2023-05-11,Groceries,Groceries,39.96,debit,22290.48000000003,SuperMart,Credit Card,Moderate
cd8c08be-7dc3-4d6a-80c3-673cda2bb4ee,2023-05-12,Healthcare,Healthcare,151.97,debit,22138.510000000028,Pharmacy,Auto Debit,Moderate
42a1c818-e929-4351-9015-fdbb7d2ea2f8,2023-05-14,Dining,Dining,52.4,debit,22086.110000000026,Restaurant,UPI,Moderate
be663e6f-bc49-4ebc-a2e7-029e1a80ea7e,2023-05-14,Groceries,Groceries,44.11,debit,22042.000000000025,SuperMart,Debit Card,Moderate
e84a4293-a272-48d4-8b34-c1315fa8fab8,2023-05-17,Groceries,Groceries,73.86,debit,21968.140000000025,SuperMart,Debit Card,Moderate
664d2065-4d22-4445-b304-8dca78d1edc7,2023-05-18,Dining,Dining,67.03,debit,21901.110000000026,Restaurant,UPI,Moderate
39fb3b3e-54bd-4d54-9f2f-c81d9f62bc59,2023-05-18,Dining,Dining,70.32,debit,21830.790000000026,Restaurant,Credit Card,Moderate
49590994-33cd-431f-8759-ce3faeafb581,2023-05-19,Dining,Dining,41.58,debit,21789.210000000025,Restaurant,UPI,Moderate
c5d0922e-aa89-4e06-9a36-7d64a1bfbdfd,2023-05-20,Rent,Rent,2026.32,debit,19762.890000000025,Landlord,Auto Debit,Moderate
71029516-5313-441b-ab59-07c35b939d81,2023-05-20,Shopping,Shopping,45.63,debit,19717.260000000024,Amazon,UPI,Moderate
f6665d3c-8801-43f5-8001-9ae29a6b5b55,2023-05-21,Utilities,Utilities,253.29,debit,19463.970000000023,City Utilities,Auto Debit,Moderate
560eeb2f-a547-4e8c-8549-efe717fea3e6,2023-05-22,Groceries,Groceries,46.9,debit,19417.07000000002,SuperMart,UPI,Moderate
efab1ad2-c16f-4dff-9c46-583cdc4bdd2a,2023-05-24,Dining,Dining,43.92,debit,19373.150000000023,Restaurant,Debit Card,Moderate
b0e95466-bb77-40a3-bc46-3abc8864fa25,2023-05-24,Shopping,Shopping,34.02,debit,19339.130000000023,Amazon,Debit Card,Moderate
9de63d6c-8f8b-4f70-996f-affc1b22f75e,2023-05-25,Transport,Transport,41.06,debit,19298.07000000002,Uber,UPI,Moderate
32133f4e-8818-430c-86a0-cbd0ab9cc473,2023-05-26,Shopping,Shopping,59.88,debit,19238.19000000002,Amazon,Credit Card,Moderate
2f2edb75-71b7-4e1d-bd93-b524edcfb892,2023-05-26,EMI,EMI,810.53,debit,18427.66000000002,Bank Loan,Auto Debit,Moderate
c5e7960d-1d66-4b61-a702-711a3bc4acbb,2023-05-26,Shopping,Shopping,36.69,debit,18390.970000000023,Amazon,Debit Card,Moderate
080c7a64-257f-4798-be16-fc078aadcd67,2023-05-26,Shopping,Shopping,16.68,debit,18374.290000000023,Amazon,UPI,Moderate
cde7c387-c4b1-4cd7-b503-b9ce7470cfa1,2023-05-26,Shopping,Shopping,12.55,debit,18361.740000000023,Amazon,Credit Card,Moderate
2af9a036-55fc-40d7-8ac1-1d28296271f7,2023-05-26,Shopping,Shopping,48.56,debit,18313.180000000022,Amazon,UPI,Moderate
26740c2b-99d8-4590-9ffd-f3bc9ebf21c1,2023-05-27,Subscriptions,Subscriptions,60.79,debit,18252.39000000002,Streaming Service,Auto Debit,Moderate
efc122e4-2b16-4d5d-990b-92b51056d422,2023-05-27,Shopping,Shopping,68.45,debit,18183.94000000002,Amazon,Debit Card,Moderate
d6ead60d-0182-48f7-8190-6202095959d7,2023-05-27,Dining,Dining,18.53,debit,18165.41000000002,Restaurant,Debit Card,Moderate
9ba3ca65-754e-42ff-bb47-eb53d3efbf84,2023-05-28,Shopping,Shopping,56.18,debit,18109.23000000002,Amazon,Credit Card,Moderate
e8d5e4fe-2c76-4dbf-9276-080b07d8f7ca,2023-05-28,Groceries,Groceries,71.68,debit,18037.55000000002,SuperMart,Debit Card,Moderate
06b225fc-8bba-4a52-afd6-48c19a0e3eac,2023-05-28,Shopping,Shopping,12.17,debit,18025.380000000023,Amazon,Debit Card,Moderate
ad26c017-6f13-43e7-80c4-05cedd8994dc,2023-05-28,Shopping,Shopping,51.98,debit,17973.400000000023,Amazon,Credit Card,Moderate
69a816dc-f097-42cb-a5f9-0988b89424b7,2023-05-28,Shopping,Shopping,51.09,debit,17922.310000000023,Amazon,UPI,Moderate
7ef78e97-6eee-4841-b18a-892034d4b843,2023-05-28,Shopping,Shopping,46.33,debit,17875.98000000002,Amazon,Debit Card,Moderate
e499c39e-0a73-46e1-af67-e726e1204734,2023-05-29,Transport,Transport,46.01,debit,17829.970000000023,Uber,Credit Card,Moderate
245b3fbc-9065-4780-86e2-0758323d9c39,2023-05-29,Transport,Transport,38.08,debit,17791.89000000002,Uber,Debit Card,Moderate
435ae824-4dbb-497a-84ee-67c931ed3699,2023-05-29,Dining,Dining,47.47,debit,17744.42000000002,Restaurant,Credit Card,Moderate
ed2f2c64-b0ed-4f2a-95eb-6d32bd780b37,2023-05-29,Entertainment,Entertainment,253.29,debit,17491.13000000002,Cinema,Auto Debit,Moderate
a0a3bce8-900e-478b-a2b6-1a99fc09a461,2023-05-29,Shopping,Shopping,66.54,debit,17424.59000000002,Amazon,Debit Card,Moderate
0e038f1d-1598-4555-a200-76f40994d28f,2023-06-02,Dining,Dining,16.91,debit,17407.68000000002,Restaurant,UPI,High
c99310b1-0b15-4d26-8443-2f428372913c,2023-06-02,Shopping,Shopping,59.67,debit,17348.01000000002,Amazon,Credit Card,High
72f03a85-4a01-4d7b-808e-4c5c082e5630,2023-06-03,Shopping,Shopping,71.07,debit,17276.94000000002,Amazon,Debit Card,High
824b8a7b-3f84-4c8d-a946-507ee6cddf09,2023-06-03,Dining,Dining,63.76,debit,17213.180000000022,Restaurant,UPI,High
798f7688-62c9-43ae-bc44-c4f87013adcb,2023-06-04,Groceries,Groceries,117.94,debit,17095.240000000023,SuperMart,Debit Card,High
3a50aed6-dc44-4d33-85e2-228358e8f5fd,2023-06-04,Groceries,Groceries,20.65,debit,17074.590000000022,SuperMart,UPI,High
3aa7b4cc-ab74-49af-9d2f-b01f1293b92a,2023-06-05,Monthly Salary,Income,6000.0,credit,23074.590000000022,Employer Inc.,Bank Transfer,High
77980a53-80e7-4be7-aece-cdb81ff1063c,2023-06-05,Shopping,Shopping,72.55,debit,23002.040000000023,Amazon,Credit Card,High
fc735ed8-9032-4a42-b5b3-2433e73412e0,2023-06-06,Shopping,Shopping,58.52,debit,22943.520000000022,Amazon,UPI,High
ee0e9080-0760-4b7e-b018-33d58a0bf055,2023-06-06,Groceries,Groceries,46.76,debit,22896.760000000024,SuperMart,UPI,High
23026905-c3e4-45da-a075-730473f442d1,2023-06-07,Shopping,Shopping,81.99,debit,22814.770000000022,Amazon,UPI,High
5ceeb1fc-60b5-4d00-b7b7-812a5e9e9a0c,2023-06-07,Transport,Transport,30.66,debit,22784.110000000022,Uber,Debit Card,High
49457bb9-bc28-49c4-8dc7-11f1175c1d79,2023-06-07,Transport,Transport,37.11,debit,22747.000000000022,Uber,Debit Card,High
fb589d73-a071-48a1-9071-57c741a5c88d,2023-06-07,Dining,Dining,27.66,debit,22719.340000000022,Restaurant,Debit Card,High
57ded4a7-3397-48da-8a3c-a432233aa42d,2023-06-08,Shopping,Shopping,57.72,debit,22661.62000000002,Amazon,Credit Card,High
8314b1a0-2f0d-4b41-9ab6-bc413355504d,2023-06-08,Rent,Rent,2217.41,debit,20444.21000000002,Landlord,Auto Debit,High
efebc3a0-87b0-44f8-8c16-931c6c84a3b9,2023-06-08,Groceries,Groceries,21.58,debit,20422.63000000002,SuperMart,Credit Card,High
197da22e-b62e-49d1-a5ba-d91a3f3465d1,2023-06-09,Groceries,Groceries,83.38,debit,20339.25000000002,SuperMart,Credit Card,High
d5a083d6-24bc-4536-b99a-101148e86a58,2023-06-09,Groceries,Groceries,69.58,debit,20269.670000000016,SuperMart,Credit Card,High
5d00a583-f80e-433e-9498-ebcbf48dbe62,2023-06-10,Transport,Transport,43.96,debit,20225.710000000017,Uber,Debit Card,High
243d0fe7-b59c-4865-b8cd-528af49b3e86,2023-06-10,Transport,Transport,12.5,debit,20213.210000000017,Uber,Debit Card,High
6793a2ab-e64f-4ee6-803c-293d252ee6fa,2023-06-11,Transport,Transport,48.8,debit,20164.410000000018,Uber,Debit Card,High
3d1abbd6-c1fc-4096-b5b8-cc98725c9a1b,2023-06-11,Groceries,Groceries,53.84,debit,20110.570000000018,SuperMart,Credit Card,High
a17cdc8a-d6a8-4a88-97c7-ff3d58bd33bb,2023-06-11,Shopping,Shopping,19.8,debit,20090.77000000002,Amazon,Credit Card,High
5ef90599-2a97-4942-850b-402615699402,2023-06-11,Transport,Transport,57.22,debit,20033.550000000017,Uber,Debit Card,High
b572e7ff-b65a-4582-bca5-72e3238d8ab6,2023-06-12,Groceries,Groceries,108.56,debit,19924.990000000016,SuperMart,UPI,High
d947ddf9-c853-4c47-803e-8d73fa7986f6,2023-06-12,Dining,Dining,42.08,debit,19882.910000000014,Restaurant,Debit Card,High
693db6af-0572-4740-ad5e-552d03587212,2023-06-13,Dining,Dining,42.57,debit,19840.340000000015,Restaurant,UPI,High
33894b37-e245-4b05-9bf2-ded557ed4889,2023-06-13,Groceries,Groceries,82.12,debit,19758.220000000016,SuperMart,Debit Card,High
acce9f04-4f65-4552-87f9-5a82ef9e63d1,2023-06-14,Dining,Dining,23.47,debit,19734.750000000015,Restaurant,Credit Card,High
6f2e32db-fbc2-423b-879e-efee98188775,2023-06-14,Groceries,Groceries,13.44,debit,19721.310000000016,SuperMart,Debit Card,High
1225e3dc-462b-4942-a1d7-0025d9c8a5fa,2023-06-14,Dining,Dining,14.28,debit,19707.030000000017,Restaurant,UPI,High
2ef7d5fd-2908-41b8-a1dd-2596f8ca18c4,2023-06-14,Insurance,Insurance,337.45,debit,19369.580000000016,Insurance Co.,Auto Debit,High
d6bf7ff6-7b43-4cc3-b386-ccb221eaa28e,2023-06-15,Transport,Transport,46.32,debit,19323.260000000017,Uber,Debit Card,High
8d0c765c-09e7-42b6-9541-e4bdd8ce3bdf,2023-06-15,Healthcare,Healthcare,165.0,debit,19158.260000000017,Pharmacy,Auto Debit,High
0a0c4e7c-5b07-4d8d-a9c6-b9023f6a8628,2023-06-16,Shopping,Shopping,76.12,debit,19082.140000000018,Amazon,UPI,High
b6e02fb7-fa40-4dcf-82be-c0efa63de79d,2023-06-16,Shopping,Shopping,25.76,debit,19056.38000000002,Amazon,UPI,High
b70ade84-5e8f-4ce9-9afd-6a1baa37e07d,2023-06-17,Groceries,Groceries,142.46,debit,18913.92000000002,SuperMart,Debit Card,High
d35e2113-6257-49b4-8b33-4c007ebfb871,2023-06-17,Transport,Transport,12.25,debit,18901.67000000002,Uber,Debit Card,High
f7a66cd2-6b46-4127-8979-af59678f3425,2023-06-17,Shopping,Shopping,61.63,debit,18840.04000000002,Amazon,UPI,High
126add1f-361f-46b2-8870-d2a4431f5f79,2023-06-17,Dining,Dining,78.82,debit,18761.22000000002,Restaurant,UPI,High
a33cf5de-ea89-4ac7-ba74-843422b3b5b9,2023-06-17,Dining,Dining,77.39,debit,18683.83000000002,Restaurant,Credit Card,High
7ba56d39-d74f-44ce-8dd2-f5e542646abc,2023-06-18,Transport,Transport,45.02,debit,18638.81000000002,Uber,Credit Card,High
b6f53050-ec93-4fe4-b1bf-fcbeeb7c0e97,2023-06-18,Transport,Transport,15.39,debit,18623.42000000002,Uber,Credit Card,High
c8914c1a-d9d8-4d92-9bb1-4d3f37b67dfa,2023-06-20,Dining,Dining,51.68,debit,18571.74000000002,Restaurant,Debit Card,High
21b1d4c9-c3b2-46fc-9540-fc0f5702c745,2023-06-20,Transport,Transport,31.97,debit,18539.77000000002,Uber,UPI,High
2cf8d63e-26de-4a49-b96d-ed1b0358b5d3,2023-06-20,Transport,Transport,37.74,debit,18502.030000000017,Uber,UPI,High
56911f73-bb51-40a4-953d-8d3b0efca21a,2023-06-21,Shopping,Shopping,53.72,debit,18448.310000000016,Amazon,UPI,High
4ea8060f-8235-4ef1-a40e-ad72decd112a,2023-06-21,EMI,EMI,929.25,debit,17519.060000000016,Bank Loan,Auto Debit,High
e9b6ed8d-caf2-4388-b45a-c454edf0dd75,2023-06-22,Entertainment,Entertainment,273.04,debit,17246.020000000015,Cinema,Auto Debit,High
4f6fc4dc-be5a-40df-a7de-993307925af8,2023-06-22,Shopping,Shopping,72.57,debit,17173.450000000015,Amazon,Debit Card,High
87a1b947-4f62-40f5-80b8-33b77d08c05a,2023-06-22,Transport,Transport,36.11,debit,17137.340000000015,Uber,Debit Card,High
6afe1c93-45dc-45ff-afb6-0de5eb49af8e,2023-06-22,Groceries,Groceries,80.08,debit,17057.260000000013,SuperMart,UPI,High
10b91552-466a-4f7f-aa5b-51c65f1486e1,2023-06-22,Transport,Transport,19.55,debit,17037.710000000014,Uber,UPI,High
ab8d22f7-a69b-4632-92ce-a44796f7c201,2023-06-22,Transport,Transport,57.17,debit,16980.540000000015,Uber,Debit Card,High
00f64a1e-1d9b-4ba2-8b3e-462b2e41552c,2023-06-22,Groceries,Groceries,17.02,debit,16963.520000000015,SuperMart,Credit Card,High
bbbef4df-f3bd-4f7c-9e46-f41bb5911590,2023-06-22,Dining,Dining,21.68,debit,16941.840000000015,Restaurant,Credit Card,High
49bcaab6-728b-4f88-aba3-375f7c0788c2,2023-06-22,Dining,Dining,58.39,debit,16883.450000000015,Restaurant,Credit Card,High
ca690c7f-8f3d-4c7a-9de2-143a12d126e9,2023-06-22,Dining,Dining,57.0,debit,16826.450000000015,Restaurant,UPI,High
7c3107e0-1a61-499d-8d2f-388b71be9cba,2023-06-23,Transport,Transport,36.14,debit,16790.310000000016,Uber,Debit Card,High
3e2074a5-a5f4-4839-9d09-354bd6542a8c,2023-06-24,Utilities,Utilities,303.52,debit,16486.790000000015,City Utilities,Auto Debit,High
2299cb73-85d1-46de-a600-6de7604bfdc4,2023-06-24,Transport,Transport,12.54,debit,16474.250000000015,Uber,Debit Card,High
7a2bce9c-0c41-4613-80c9-802b3fe3b139,2023-06-24,Dining,Dining,48.05,debit,16426.200000000015,Restaurant,UPI,High
03285025-a99b-424b-9007-e4f8786a1ec4,2023-06-25,Groceries,Groceries,96.52,debit,16329.680000000015,SuperMart,Debit Card,High
febd2199-adbd-4865-940b-0e067f6b27db,2023-06-26,Transport,Transport,44.51,debit,16285.170000000015,Uber,UPI,High
ee8ccece-4357-48e7-bfd9-9bacdd55bc22,2023-06-26,Dining,Dining,60.7,debit,16224.470000000014,Restaurant,Debit Card,High
a402845b-69f7-47a4-a417-edd7fa05f08f,2023-06-27,Shopping,Shopping,71.85,debit,16152.620000000014,Amazon,Credit Card,High
600bee78-fa24-42f6-914e-89d7dd9becd9,2023-06-28,Shopping,Shopping,30.89,debit,16121.730000000014,Amazon,Credit Card,High
65446ed0-c6f0-497e-9b1a-4612aab3a17f,2023-06-28,Performance Bonus,Income,1992.0,credit,18113.730000000014,Employer Inc.,Bank Transfer,High
35688f4d-1319-457e-9cbb-3bd64e4482ed,2023-06-29,Transport,Transport,33.92,debit,18079.810000000016,Uber,Credit Card,High
52386286-142a-4649-a336-10673ba4d97c,2023-06-29,Subscriptions,Subscriptions,64.39,debit,18015.420000000016,Streaming Service,Auto Debit,High
9d613bc3-c171-41f4-9426-a921348765c4,2023-06-30,Dining,Dining,13.51,debit,18001.910000000018,Restaurant,Debit Card,High
a9d2b1d4-327c-4b33-bc99-181db23e4705,2023-07-01,Groceries,Groceries,101.7,debit,17900.210000000017,SuperMart,Credit Card,High
33dbdc9c-9295-4a85-a59f-2f9dc27f0fd6,2023-07-01,Healthcare,Healthcare,174.8,debit,17725.410000000018,Pharmacy,Auto Debit,High
f2d43abc-693d-4b73-8f26-d96547059765,2023-07-01,Shopping,Shopping,21.19,debit,17704.22000000002,Amazon,UPI,High
43ba6afd-fa86-4e32-a0eb-489e1568cb59,2023-07-02,Utilities,Utilities,298.55,debit,17405.67000000002,City Utilities,Auto Debit,High
767c6d1d-5e58-4d86-97da-5650962dd378,2023-07-03,Shopping,Shopping,48.7,debit,17356.97000000002,Amazon,Debit Card,High
a48f01e4-85ba-4ab6-94dc-d452c522aa8e,2023-07-03,Transport,Transport,47.25,debit,17309.72000000002,Uber,Credit Card,High
e9165abf-1d16-4265-9b0a-4d303dc6c48e,2023-07-05,Entertainment,Entertainment,288.87,debit,17020.85000000002,Cinema,Auto Debit,High
3d9e1e51-fd11-4f33-b9f7-d3131044f197,2023-07-05,Monthly Salary,Income,6000.0,credit,23020.85000000002,Employer Inc.,Bank Transfer,High
df96fe4f-4805-4c22-9187-81e265df15db,2023-07-07,Shopping,Shopping,79.48,debit,22941.37000000002,Amazon,Debit Card,High
d9e4225e-3d3b-4b90-99c0-43f9dc477c60,2023-07-07,Groceries,Groceries,45.16,debit,22896.21000000002,SuperMart,UPI,High
db822a52-2b69-4909-a2a8-61b0aa3186aa,2023-07-08,Shopping,Shopping,71.95,debit,22824.26000000002,Amazon,Debit Card,High
ac37697d-3e1a-4727-979f-c2fcc54c00d6,2023-07-08,Groceries,Groceries,88.46,debit,22735.80000000002,SuperMart,Credit Card,High
3bab0ab1-d85e-4647-985e-91ffac67755f,2023-07-08,Groceries,Groceries,45.18,debit,22690.62000000002,SuperMart,Credit Card,High
7d762f78-f0db-47bc-9484-58c84f577471,2023-07-08,Transport,Transport,40.49,debit,22650.13000000002,Uber,Debit Card,High
d0b3c1b1-75e5-49a8-aa60-3f6e87eccedc,2023-07-08,Transport,Transport,69.16,debit,22580.97000000002,Uber,Debit Card,High
9f14ef71-f23f-4d45-8c84-fcda410bb0ee,2023-07-09,Transport,Transport,62.38,debit,22518.59000000002,Uber,UPI,High
dad6132c-5a55-417b-93ff-a0e9b59b6220,2023-07-10,EMI,EMI,942.42,debit,21576.17000000002,Bank Loan,Auto Debit,High
036e69c2-961f-49c7-9fa3-470f3bc7964e,2023-07-11,Transport,Transport,15.15,debit,21561.02000000002,Uber,Debit Card,High
c699f8dc-d2fb-4c3d-b2d4-b9c518546d5b,2023-07-11,Dining,Dining,66.74,debit,21494.280000000017,Restaurant,Debit Card,High
983544c5-404f-4786-abc4-22478c9419a1,2023-07-12,Subscriptions,Subscriptions,65.02,debit,21429.260000000017,Streaming Service,Auto Debit,High
19c0174d-cf8f-442b-8101-ad12b2a70c5f,2023-07-13,Shopping,Shopping,69.6,debit,21359.660000000018,Amazon,Debit Card,High
888f423e-faf8-4e65-94f3-dc7ce7c085a0,2023-07-13,Shopping,Shopping,37.47,debit,21322.190000000017,Amazon,UPI,High
3c807bae-0529-4571-8a35-bd68ee885374,2023-07-14,Shopping,Shopping,44.56,debit,21277.630000000016,Amazon,Credit Card,High
e85d10a6-3d35-4ba9-96a4-13aac48db12f,2023-07-14,Shopping,Shopping,14.5,debit,21263.130000000016,Amazon,Debit Card,High
8790bdbd-81bf-41c5-990e-621b942e7e36,2023-07-14,Dining,Dining,78.2,debit,21184.930000000015,Restaurant,UPI,High
46b8f51b-1472-48a5-bed9-1b7755a172f3,2023-07-15,Dining,Dining,35.75,debit,21149.180000000015,Restaurant,Credit Card,High
3a3b9df4-aee1-4510-83e6-42343b995e4f,2023-07-15,Transport,Transport,51.85,debit,21097.330000000016,Uber,Credit Card,High
c31b4d10-4818-49cc-b1bc-b435199eb7ff,2023-07-15,Transport,Transport,16.18,debit,21081.150000000016,Uber,Debit Card,High
8b031a38-69a7-46a6-9f61-f5bfe20f258a,2023-07-15,Dining,Dining,48.18,debit,21032.970000000016,Restaurant,Credit Card,High
478b1482-5dfe-4567-a815-44b10e179550,2023-07-16,Groceries,Groceries,96.92,debit,20936.050000000017,SuperMart,Debit Card,High
d97f3847-c7bd-4415-ace1-257a1ac9398b,2023-07-16,Transport,Transport,31.94,debit,20904.11000000002,Uber,UPI,High
03b6dac0-fbc2-4705-b9e9-ef2e238bb99f,2023-07-17,Groceries,Groceries,103.64,debit,20800.47000000002,SuperMart,Debit Card,High
d6947e0d-964e-4bc4-ac5a-f0192a2f7291,2023-07-18,Dining,Dining,38.11,debit,20762.36000000002,Restaurant,Credit Card,High
c2b9df4d-a05b-4d16-88cb-f687220c4a92,2023-07-18,Shopping,Shopping,53.01,debit,20709.35000000002,Amazon,Debit Card,High
c73305fd-6bc5-413f-9e2a-e43a943417b8,2023-07-18,Dining,Dining,42.42,debit,20666.930000000022,Restaurant,UPI,High
ff16e96b-1abb-4392-949f-31c5cd175254,2023-07-19,Rent,Rent,2350.12,debit,18316.810000000023,Landlord,Auto Debit,High
f155549b-ce23-4a5d-aeff-81baf47f5d2a,2023-07-20,Dining,Dining,67.01,debit,18249.800000000025,Restaurant,UPI,High
e24b4a9d-a3f2-4736-8867-acb939e1021c,2023-07-21,Groceries,Groceries,119.46,debit,18130.340000000026,SuperMart,UPI,High
378157cc-203d-4014-be7b-4767a7114fc2,2023-07-22,Dining,Dining,74.86,debit,18055.480000000025,Restaurant,UPI,High
25f871fa-364d-4785-b2d7-46eb662445a2,2023-07-23,Groceries,Groceries,24.74,debit,18030.740000000023,SuperMart,Debit Card,High
049d3c85-e512-458f-848d-65023b3e8076,2023-07-23,Shopping,Shopping,71.8,debit,17958.940000000024,Amazon,Credit Card,High
a468b24c-1129-4c88-8360-2b16e4e187c1,2023-07-23,Shopping,Shopping,17.14,debit,17941.800000000025,Amazon,Credit Card,High
9c1a65d2-4df7-4a0f-9be6-8159457ba78b,2023-07-23,Transport,Transport,39.84,debit,17901.960000000025,Uber,Debit Card,High
1eab36cb-1287-48bb-8c4d-03d22b9e4bd2,2023-07-24,Transport,Transport,28.4,debit,17873.560000000023,Uber,Debit Card,High
2df7dade-6964-490c-8770-3240ee57b77e,2023-07-25,Unexpected Expense,Emergency,4993.0,debit,12880.560000000023,Emergency Vendor,Credit Card,High
5c803f17-2b51-47f2-946c-94212201cc63,2023-07-25,Groceries,Groceries,110.23,debit,12770.330000000024,SuperMart,Debit Card,High
44334bd6-22ba-4ed6-8f74-a272b63f0ec4,2023-07-25,Transport,Transport,13.31,debit,12757.020000000024,Uber,Credit Card,High
1ca716d4-69a2-4196-a5d0-b3cd1eb59e86,2023-07-26,Dining,Dining,80.33,debit,12676.690000000024,Restaurant,Debit Card,High
582d4d92-6665-4c76-b7f9-ce3bf8cbe75f,2023-07-26,Groceries,Groceries,32.14,debit,12644.550000000025,SuperMart,UPI,High
daf7e12b-c7f4-4ee7-82c9-d484258a679c,2023-07-27,Transport,Transport,69.27,debit,12575.280000000024,Uber,UPI,High
51e727cd-cc07-430e-a13b-bf7d15a15ab6,2023-07-29,Dining,Dining,17.79,debit,12557.490000000023,Restaurant,UPI,High
e648f1a4-47f5-413f-8849-51a48b9ffc8e,2023-07-29,Transport,Transport,15.67,debit,12541.820000000023,Uber,UPI,High
bb43ccbd-a14b-45f7-8cfe-1b9b9cfb0955,2023-07-30,Dining,Dining,68.67,debit,12473.150000000023,Restaurant,Credit Card,High
ae4e98b7-3bcb-4f79-aa63-e16e966e457f,2023-07-31,Shopping,Shopping,19.16,debit,12453.990000000023,Amazon,UPI,High
4472c0a2-26a3-4c1e-8469-9b9a8992ee9c,2023-07-31,Insurance,Insurance,325.88,debit,12128.110000000024,Insurance Co.,Auto Debit,High
f410b4b2-856c-4290-b51e-a114883eb145,2023-08-01,Dining,Dining,40.36,debit,12087.750000000024,Restaurant,Debit Card,High
5a19929c-3f69-4208-a8fd-9291f61919e1,2023-08-01,Entertainment,Entertainment,255.79,debit,11831.960000000023,Cinema,Auto Debit,High
4fa92ebf-b766-418e-ba2b-99315219ad4b,2023-08-02,Transport,Transport,60.25,debit,11771.710000000023,Uber,Debit Card,High
0696fc07-c032-48bd-8ab9-a8392fdd37cf,2023-08-02,Transport,Transport,12.23,debit,11759.480000000023,Uber,Credit Card,High
dd9efb64-138f-428f-ab64-580589ce1bf9,2023-08-03,Dining,Dining,13.47,debit,11746.010000000024,Restaurant,UPI,High
71ce8d4d-173a-457a-a08d-ca85f663cb2c,2023-08-03,Transport,Transport,26.58,debit,11719.430000000024,Uber,UPI,High
f8685e29-0df9-4503-8292-3d85ff2f8c59,2023-08-04,Transport,Transport,12.97,debit,11706.460000000025,Uber,UPI,High
2960409e-9873-428f-8e41-347d6f11fb17,2023-08-04,Transport,Transport,18.54,debit,11687.920000000024,Uber,UPI,High
2681054d-18b9-4551-8d78-e56ce4e8a943,2023-08-05,Monthly Salary,Income,6000.0,credit,17687.920000000024,Employer Inc.,Bank Transfer,High
25b386ce-093f-455f-bacd-c39c474f851f,2023-08-06,Transport,Transport,45.81,debit,17642.110000000022,Uber,UPI,High
57b0c8a4-1283-40ce-b95d-417322310cac,2023-08-06,Dining,Dining,50.0,debit,17592.110000000022,Restaurant,Credit Card,High
7b1e69f8-0320-4056-bfe2-00fe8e8b5dbe,2023-08-07,Transport,Transport,57.23,debit,17534.880000000023,Uber,Credit Card,High
058bf095-fad2-400e-be7b-82e71b286895,2023-08-07,Shopping,Shopping,43.32,debit,17491.560000000023,Amazon,Credit Card,High
e5955a5f-1ed5-4f8f-8968-f146acfdddec,2023-08-08,Transport,Transport,38.57,debit,17452.990000000023,Uber,UPI,High
5b0b3321-aedc-402e-8c3d-f83430aeb11f,2023-08-08,Transport,Transport,45.74,debit,17407.250000000022,Uber,Credit Card,High
0c7c42f8-16b5-4bde-a3fd-9e983fc17fa4,2023-08-08,Shopping,Shopping,15.59,debit,17391.66000000002,Amazon,Credit Card,High
18d6c4ff-3bd2-4b1f-9ba1-fb5ce23c5528,2023-08-09,Dining,Dining,63.52,debit,17328.14000000002,Restaurant,Credit Card,High
11d9a756-8935-4fcc-a7d0-dde7f368ce3c,2023-08-09,Dining,Dining,55.97,debit,17272.17000000002,Restaurant,Debit Card,High
dffabcca-f39a-48fd-a500-7ad3769f762b,2023-08-09,Groceries,Groceries,76.75,debit,17195.42000000002,SuperMart,Debit Card,High
05702518-da87-4baa-b27e-7f46c57e4851,2023-08-09,Transport,Transport,61.17,debit,17134.250000000022,Uber,Debit Card,High
b0ae7463-8cdd-4f28-b9a4-1f6c960e28a2,2023-08-09,Dining,Dining,27.61,debit,17106.64000000002,Restaurant,Debit Card,High
15d13378-d2e9-423b-99f7-db246c848361,2023-08-11,Dining,Dining,45.95,debit,17060.69000000002,Restaurant,Credit Card,High
0deaa450-c1d7-4312-9a53-e28003add58e,2023-08-11,Dining,Dining,33.1,debit,17027.590000000022,Restaurant,Debit Card,High
cca3e4c6-6a65-4698-9180-dcc94ed9ba3c,2023-08-12,Healthcare,Healthcare,153.47,debit,16874.12000000002,Pharmacy,Auto Debit,High
cf471d48-ec1d-4d0b-a64a-797415192736,2023-08-13,Groceries,Groceries,89.87,debit,16784.250000000022,SuperMart,Debit Card,High
19e8d868-7ddc-4e70-a42d-ff7b971abdd4,2023-08-13,Shopping,Shopping,23.52,debit,16760.73000000002,Amazon,UPI,High
ec366ea1-a12c-4c65-8992-b0851abc5819,2023-08-13,Freelance Project,Side Income,528.0,credit,17288.73000000002,Client Payment,Bank Transfer,High
304494be-ef70-4139-a7b4-2b3bd16a7cc7,2023-08-14,Dining,Dining,17.32,debit,17271.41000000002,Restaurant,Credit Card,High
2cb0af39-099a-49b6-81eb-0836c4eb67ae,2023-08-14,Subscriptions,Subscriptions,61.39,debit,17210.020000000022,Streaming Service,Auto Debit,High
64455aba-ab66-472a-ae2a-4620ee28ce1c,2023-08-15,Transport,Transport,25.13,debit,17184.89000000002,Uber,UPI,High
8f320d6a-e442-4f72-8f8e-b6645a472ee8,2023-08-15,Dining,Dining,65.85,debit,17119.040000000023,Restaurant,Credit Card,High
71981934-63a0-4d69-9015-2265e03e8863,2023-08-15,Dining,Dining,69.29,debit,17049.750000000022,Restaurant,Debit Card,High
d9bd2a44-b9e6-40a7-9af8-4bfbf44388b9,2023-08-16,Groceries,Groceries,49.5,debit,17000.250000000022,SuperMart,Credit Card,High
e18079fc-e27a-42e2-9f4b-ecbd003e58da,2023-08-16,Dining,Dining,23.78,debit,16976.470000000023,Restaurant,Credit Card,High
0a89fab3-4478-453c-8aaa-dfda01b86068,2023-08-16,Transport,Transport,13.88,debit,16962.590000000022,Uber,UPI,High
1f5b8a27-d795-4bff-9c9d-1adafabf2383,2023-08-16,Groceries,Groceries,112.37,debit,16850.220000000023,SuperMart,Credit Card,High
874009fd-aaac-49bd-a9af-c77f7d1df7e8,2023-08-18,Insurance,Insurance,306.94,debit,16543.280000000024,Insurance Co.,Auto Debit,High
8fc11e50-9616-457b-9017-d493bcee5889,2023-08-18,Groceries,Groceries,75.56,debit,16467.720000000023,SuperMart,UPI,High
ce21a898-9455-4fad-83e2-681f4dafa7c1,2023-08-19,Shopping,Shopping,54.56,debit,16413.16000000002,Amazon,UPI,High
b40fc3b1-9d1d-44ee-8529-cf82b7839c5d,2023-08-19,Shopping,Shopping,35.39,debit,16377.770000000022,Amazon,UPI,High
5e08450d-4b83-465e-a690-4c83abe69d0b,2023-08-19,Dining,Dining,10.7,debit,16367.070000000022,Restaurant,UPI,High
70db000c-4801-4a1d-8e44-f2209ebd8df8,2023-08-20,Dining,Dining,16.85,debit,16350.220000000021,Restaurant,UPI,High
5b90f329-d5c4-4b5a-a466-7c46afc30fa8,2023-08-20,Shopping,Shopping,60.16,debit,16290.060000000021,Amazon,Credit Card,High
70674cc1-38b9-433e-9f2d-3a65b2b44179,2023-08-20,Transport,Transport,23.0,debit,16267.060000000021,Uber,Credit Card,High
e75fd908-681c-43c4-a1e7-71d8b41f7650,2023-08-20,Transport,Transport,29.74,debit,16237.320000000022,Uber,UPI,High
fd494b5d-a022-4dc5-ba40-2b92678fe4c3,2023-08-22,Dining,Dining,38.88,debit,16198.440000000022,Restaurant,Credit Card,High
5722f7a0-1c7a-461c-82e9-bd80b81fd15e,2023-08-22,EMI,EMI,818.51,debit,15379.930000000022,Bank Loan,Auto Debit,High
c11d5e18-efa9-408a-bd73-ffb8395ab7f2,2023-08-22,Groceries,Groceries,64.32,debit,15315.610000000022,SuperMart,UPI,High
aa91bbb7-4834-4e08-a8dd-4950ac7d4a0e,2023-08-23,Shopping,Shopping,80.01,debit,15235.600000000022,Amazon,Debit Card,High
452f7c24-76cd-4bb6-b397-87c03740b4bb,2023-08-23,Transport,Transport,47.88,debit,15187.720000000023,Uber,Credit Card,High
5c6aa00e-a0fe-4e20-88e3-fe718a51dc04,2023-08-24,Groceries,Groceries,107.34,debit,15080.380000000023,SuperMart,UPI,High
583dfd29-cb01-40bc-b6ba-8e646b4b3e5f,2023-08-24,Groceries,Groceries,89.52,debit,14990.860000000022,SuperMart,Credit Card,High
664b6064-bf47-497e-8768-975af6e0c5fc,2023-08-24,Dining,Dining,69.35,debit,14921.510000000022,Restaurant,UPI,High
6392f66c-9341-4bef-ba33-b8c70a074a59,2023-08-25,Transport,Transport,57.03,debit,14864.480000000021,Uber,Credit Card,High
0c162d30-3918-4a00-94cb-42ecc1ee3d05,2023-08-26,Groceries,Groceries,109.28,debit,14755.20000000002,SuperMart,UPI,High
f852ee0c-ed9f-40bb-aa13-a09228eb4672,2023-08-26,Shopping,Shopping,32.24,debit,14722.960000000021,Amazon,Credit Card,High
b1eb0c94-f58e-4fe0-ab06-11034c9b254a,2023-08-26,Groceries,Groceries,52.63,debit,14670.330000000022,SuperMart,Debit Card,High
4248f40d-587a-4b95-b6be-ac83671feaae,2023-08-26,Shopping,Shopping,48.52,debit,14621.810000000021,Amazon,UPI,High
369a7953-3b13-4fc2-8306-216662146ad9,2023-08-27,Utilities,Utilities,255.79,debit,14366.02000000002,City Utilities,Auto Debit,High
f3e2777b-bf01-4301-9378-1abadafa9698,2023-08-27,Shopping,Shopping,51.94,debit,14314.08000000002,Amazon,UPI,High
087a6125-a7ad-47ab-89ba-4ec6cac97378,2023-08-28,Shopping,Shopping,80.86,debit,14233.22000000002,Amazon,UPI,High
3b4066fc-9ee1-4ac5-baa3-0db41b88367f,2023-08-28,Rent,Rent,2046.28,debit,12186.940000000019,Landlord,Auto Debit,High
a6b90271-2544-491b-b2a0-191d15ccb45a,2023-08-28,Dining,Dining,17.24,debit,12169.700000000019,Restaurant,Debit Card,High
ded28634-7463-4687-9bc3-c79df3bbaf9e,2023-08-29,Groceries,Groceries,36.69,debit,12133.010000000018,SuperMart,Credit Card,High
79551ac3-917c-4740-acc0-785eaeb31b46,2023-08-29,Groceries,Groceries,36.3,debit,12096.71000000002,SuperMart,Debit Card,High
309edc7d-d570-4878-a052-7fda9c2a636c,2023-08-30,Shopping,Shopping,29.93,debit,12066.780000000019,Amazon,Debit Card,High
26e034fd-794c-4caa-af74-e64cd55e1ca8,2023-08-30,Shopping,Shopping,42.74,debit,12024.040000000019,Amazon,Debit Card,High
789aa7e8-7aa9-4713-a4d6-5a3bb97e1977,2023-08-31,Transport,Transport,57.52,debit,11966.520000000019,Uber,Credit Card,High
c764677c-c65e-481f-8430-ac9eaf1d2606,2023-08-31,Transport,Transport,59.27,debit,11907.250000000018,Uber,Debit Card,High
cddfe420-335b-4b60-a9c2-fa0349a58efc,2023-08-31,Transport,Transport,21.14,debit,11886.110000000019,Uber,Credit Card,High
e6967de9-5fbc-4f99-a9e9-5d02ef794691,2023-09-03,Rent,Rent,2052.98,debit,9833.13000000002,Landlord,Auto Debit,High
be601ea1-6206-45ba-8c91-10195afb93bc,2023-09-03,Transport,Transport,49.84,debit,9783.290000000019,Uber,Debit Card,High
bf03e273-ac7d-4c6f-9e2f-278021ab4303,2023-09-03,Transport,Transport,41.27,debit,9742.020000000019,Uber,Credit Card,High
34d3c992-3590-4b42-bf3e-dbde8fc97ae0,2023-09-04,Shopping,Shopping,80.71,debit,9661.31000000002,Amazon,UPI,High
1889855c-f0cb-4867-b612-e80c8245b4b6,2023-09-04,Shopping,Shopping,75.13,debit,9586.18000000002,Amazon,UPI,High
3531fc89-1455-4cd6-a5f0-2211e8dc520e,2023-09-04,Healthcare,Healthcare,153.97,debit,9432.210000000021,Pharmacy,Auto Debit,High
e8ca395c-8c07-4cd4-86cb-690a6fc4e7e3,2023-09-04,Groceries,Groceries,115.57,debit,9316.640000000021,SuperMart,Debit Card,High
96af917b-3009-453f-8a61-26e21b572d42,2023-09-05,Monthly Salary,Income,6000.0,credit,15316.640000000021,Employer Inc.,Bank Transfer,High
92188422-b263-4b43-ba7f-5c9c321c3bc1,2023-09-06,Dining,Dining,71.65,debit,15244.990000000022,Restaurant,Debit Card,High
8ca68cf9-1b05-4dca-82bf-519f81623c52,2023-09-06,Shopping,Shopping,55.91,debit,15189.080000000022,Amazon,Credit Card,High
e6901cad-91fe-43ee-81be-94b47a51339e,2023-09-07,Subscriptions,Subscriptions,61.59,debit,15127.490000000022,Streaming Service,Auto Debit,High
8310e924-8b29-4deb-94c0-b6dc585f0d28,2023-09-07,Dining,Dining,44.36,debit,15083.130000000021,Restaurant,Debit Card,High
1732b49e-ebaf-4e84-84e3-4843bbc18431,2023-09-07,Shopping,Shopping,50.01,debit,15033.12000000002,Amazon,UPI,High
eecaaaa6-1c47-4ae0-b58f-d89890e72902,2023-09-07,Shopping,Shopping,54.52,debit,14978.60000000002,Amazon,Debit Card,High
7f6e744e-fb28-4bee-a49b-a9edb93bd094,2023-09-08,Transport,Transport,36.83,debit,14941.77000000002,Uber,Debit Card,High
70209c55-f1a7-4ed8-9905-276604dc3d69,2023-09-08,Dining,Dining,26.91,debit,14914.86000000002,Restaurant,Debit Card,High
0a12fbbf-8c6e-4a17-9094-24bb194c25a4,2023-09-09,Shopping,Shopping,56.11,debit,14858.75000000002,Amazon,Debit Card,High
9a5376ff-4396-4fc2-8764-2956c969b079,2023-09-09,Dining,Dining,35.66,debit,14823.09000000002,Restaurant,Debit Card,High
21967d3e-f93a-4f11-9496-eb0736c8d62f,2023-09-09,Shopping,Shopping,68.06,debit,14755.03000000002,Amazon,Credit Card,High
02181edf-3254-4b78-8eb1-b2b5afa2b6cf,2023-09-10,Transport,Transport,38.47,debit,14716.560000000021,Uber,UPI,High
25bc9690-21d8-4eda-a10b-10c1de4bc0b9,2023-09-10,EMI,EMI,821.19,debit,13895.37000000002,Bank Loan,Auto Debit,High
7f94c84b-a7b0-44b1-8639-3d4227f1bcca,2023-09-11,Dining,Dining,61.85,debit,13833.52000000002,Restaurant,Credit Card,High
79a8cbe8-295f-4a9b-b715-65ad8417f093,2023-09-11,Dining,Dining,60.28,debit,13773.24000000002,Restaurant,Credit Card,High
3fe6ec91-66a5-4429-8e65-11e091fa7de9,2023-09-11,Dining,Dining,68.44,debit,13704.80000000002,Restaurant,Debit Card,High
16131cde-b276-4731-bae7-48c9e7183d15,2023-09-11,Groceries,Groceries,92.14,debit,13612.66000000002,SuperMart,Credit Card,High
b64a4dd1-5fe8-4923-b285-37f2e8f81aab,2023-09-11,Shopping,Shopping,40.33,debit,13572.33000000002,Amazon,Debit Card,High
1f76b460-80ac-4f68-a6eb-9591eb829037,2023-09-12,Shopping,Shopping,52.55,debit,13519.78000000002,Amazon,Debit Card,High
19fec99e-e491-4b6f-8341-f2ac5a906b39,2023-09-12,Groceries,Groceries,108.02,debit,13411.76000000002,SuperMart,UPI,High
cee9d29c-806f-4053-a2f8-311e45a4247e,2023-09-12,Freelance Project,Side Income,1776.0,credit,15187.76000000002,Client Payment,Bank Transfer,High
fc106199-c9d0-4356-a64c-d1ebbc366ddc,2023-09-14,Dining,Dining,69.99,debit,15117.77000000002,Restaurant,UPI,High
32a08b70-b2f1-475e-b583-474ec2c50c33,2023-09-14,Groceries,Groceries,52.61,debit,15065.16000000002,SuperMart,Credit Card,High
c86542df-0de7-46c3-ab46-37f46857877f,2023-09-15,Utilities,Utilities,256.62,debit,14808.540000000019,City Utilities,Auto Debit,High
3eedf2f1-6900-4ad4-b226-a0fb16bdd044,2023-09-16,Dining,Dining,71.84,debit,14736.700000000019,Restaurant,Debit Card,High
f9557a4c-5f3d-40ba-a9cf-abac5684dd78,2023-09-16,Transport,Transport,55.23,debit,14681.47000000002,Uber,UPI,High
77c8a747-7629-4f5d-9443-ae4f6ed4c58e,2023-09-16,Shopping,Shopping,16.56,debit,14664.91000000002,Amazon,Debit Card,High
7188559e-202f-479e-bf23-9ecb0a72a7ed,2023-09-16,Transport,Transport,44.65,debit,14620.26000000002,Uber,Debit Card,High
3c7c99d9-99c6-4202-ba8e-087328cec6df,2023-09-16,Transport,Transport,44.65,debit,14575.61000000002,Uber,UPI,High
e38f24b7-b707-4aad-8e79-157a9f4bbaab,2023-09-17,Entertainment,Entertainment,256.62,debit,14318.99000000002,Cinema,Auto Debit,High
034c6451-2c28-48bc-900b-59b1d3082a04,2023-09-17,Groceries,Groceries,117.5,debit,14201.49000000002,SuperMart,UPI,High
f273d805-e7f9-4b32-8e05-8bfff16013ad,2023-09-17,Transport,Transport,59.22,debit,14142.27000000002,Uber,Credit Card,High
ada18d72-a7c6-4307-8db4-471b771f1a19,2023-09-18,Transport,Transport,16.66,debit,14125.61000000002,Uber,Credit Card,High
e500cedc-e8ce-4834-aa0e-7c8e8555a988,2023-09-18,Shopping,Shopping,53.85,debit,14071.76000000002,Amazon,UPI,High
3dbdc02e-f9c6-4ed6-b5d1-1095e0998ff6,2023-09-19,Dining,Dining,13.49,debit,14058.27000000002,Restaurant,UPI,High
8f6a2849-069f-4774-a757-366ed266f361,2023-09-19,Transport,Transport,38.94,debit,14019.33000000002,Uber,Debit Card,High
78498b81-15fd-4fdc-84d5-305b4846db0a,2023-09-19,Dining,Dining,62.09,debit,13957.24000000002,Restaurant,Debit Card,High
0dcf1827-30be-40dc-8453-1be6873e4f40,2023-09-20,Shopping,Shopping,42.52,debit,13914.72000000002,Amazon,Debit Card,High
6ec79162-f46c-4324-a303-03b57a4cfca8,2023-09-20,Groceries,Groceries,27.02,debit,13887.700000000019,SuperMart,UPI,High
eed9e61d-e077-41c7-b70e-0ba70dd58df3,2023-09-21,Groceries,Groceries,121.74,debit,13765.96000000002,SuperMart,Debit Card,High
f6b594ef-0c78-44ac-8414-265e23da68e9,2023-09-21,Transport,Transport,15.86,debit,13750.100000000019,Uber,UPI,High
532a1f27-4ffe-47a8-9668-d16ca91ecb85,2023-09-22,Dining,Dining,63.49,debit,13686.610000000019,Restaurant,Debit Card,High
e3b73060-865e-4f8e-a1ae-53980a9dd1dc,2023-09-23,Transport,Transport,28.48,debit,13658.13000000002,Uber,Debit Card,High
92d56025-a8d6-4fb8-a9e4-29f87675d764,2023-09-23,Dining,Dining,25.3,debit,13632.83000000002,Restaurant,Debit Card,High
df81955f-37e5-42d7-ba61-a38f4547b536,2023-09-23,Transport,Transport,53.96,debit,13578.87000000002,Uber,Credit Card,High
a405603a-d25d-4ec8-92b1-58aac594df31,2023-09-23,Groceries,Groceries,12.98,debit,13565.890000000021,SuperMart,Credit Card,High
ed09f886-5e2c-40bf-873d-c37d6f3d6ee4,2023-09-23,Shopping,Shopping,66.59,debit,13499.300000000021,Amazon,Debit Card,High
e6e26eb8-0742-47dc-82fb-05d94f2e6af4,2023-09-24,Transport,Transport,21.8,debit,13477.500000000022,Uber,Debit Card,High
d52ad99b-ac76-44f5-9bc0-7ffd2294011a,2023-09-24,Shopping,Shopping,44.62,debit,13432.880000000021,Amazon,UPI,High
cb520f16-398e-4640-9f10-8ebe7106fafd,2023-09-24,Groceries,Groceries,101.74,debit,13331.140000000021,SuperMart,UPI,High
ea0b9730-b0d9-4cad-b1d3-4d12e592bf76,2023-09-24,Shopping,Shopping,62.39,debit,13268.750000000022,Amazon,UPI,High
b78eae2e-666a-4ae5-8c13-d2db002954f4,2023-09-25,Shopping,Shopping,49.48,debit,13219.270000000022,Amazon,UPI,High
da840904-161a-4739-ba58-7657be70a4af,2023-09-25,Transport,Transport,41.89,debit,13177.380000000023,Uber,Credit Card,High
7d3b4e62-d24b-4acb-8934-1cbaf986ed34,2023-09-25,Groceries,Groceries,77.24,debit,13100.140000000023,SuperMart,Debit Card,High
6e7403c6-e4be-4e21-b610-e5be35f67fdc,2023-09-26,Dining,Dining,57.57,debit,13042.570000000023,Restaurant,Debit Card,High
8e50b192-e16b-43b2-a27d-3d9c506e77cd,2023-09-26,Transport,Transport,36.84,debit,13005.730000000023,Uber,Credit Card,High
fe380034-c7e0-4087-a44a-36c3ab211415,2023-09-27,Groceries,Groceries,57.34,debit,12948.390000000023,SuperMart,Debit Card,High
65130f16-4495-4fb1-bbe7-9eb4208664ad,2023-09-27,Dining,Dining,38.99,debit,12909.400000000023,Restaurant,Credit Card,High
970430d1-4011-4440-aa5f-e2d69ade7e14,2023-09-27,Insurance,Insurance,307.95,debit,12601.450000000023,Insurance Co.,Auto Debit,High
3a029725-d333-4fc4-afe3-1c39c4ed5f5b,2023-09-28,Groceries,Groceries,79.43,debit,12522.020000000022,SuperMart,Debit Card,High
4a8466be-9194-4216-a937-0f43c20e15a5,2023-09-29,Groceries,Groceries,15.12,debit,12506.900000000021,SuperMart,Debit Card,High
83ee00b3-cfdb-49bd-bc9b-586181943c1b,2023-09-29,Dining,Dining,62.55,debit,12444.350000000022,Restaurant,UPI,High
7e82b284-a847-43a3-965a-ccf0255ffe78,2023-10-01,Shopping,Shopping,68.36,debit,12375.990000000022,Amazon,Debit Card,High
5f2bcabb-761f-4777-b71c-8656bac73310,2023-10-02,Dining,Dining,64.29,debit,12311.70000000002,Restaurant,Credit Card,High
c99823ed-9bd6-4dda-8442-2e9cced9d2ae,2023-10-02,Groceries,Groceries,39.33,debit,12272.37000000002,SuperMart,Credit Card,High
ce1cbfd0-b021-4e2d-b0d9-ddab21c6bebd,2023-10-02,Transport,Transport,45.76,debit,12226.61000000002,Uber,UPI,High
bb0a3f50-2f9c-4f1e-8f28-ece4a6b64eec,2023-10-03,Transport,Transport,55.24,debit,12171.37000000002,Uber,Credit Card,High
25abe9f2-a147-4128-a6d1-244651022760,2023-10-03,Dining,Dining,47.37,debit,12124.00000000002,Restaurant,Credit Card,High
2bfea0aa-5a07-4619-9c6b-63be1fd1a547,2023-10-03,Healthcare,Healthcare,154.48,debit,11969.52000000002,Pharmacy,Auto Debit,High
ca08e0ce-88d6-47b9-9313-360879d59c4a,2023-10-03,Shopping,Shopping,30.04,debit,11939.48000000002,Amazon,Credit Card,High
99f412c6-8353-4c9c-b5cc-7539c172faea,2023-10-03,Dining,Dining,53.25,debit,11886.23000000002,Restaurant,UPI,High
70329250-8f95-4330-b77a-c8f510ebd5a0,2023-10-04,Transport,Transport,51.4,debit,11834.83000000002,Uber,Credit Card,High
56e7c6d2-f9c5-4d74-90fb-403219613ce5,2023-10-04,Dining,Dining,53.32,debit,11781.51000000002,Restaurant,Credit Card,High
53788a0d-6135-4a61-9ca8-4577713373cd,2023-10-04,Dining,Dining,23.9,debit,11757.61000000002,Restaurant,UPI,High
f110120c-2f99-4e10-a60f-03e2502b706a,2023-10-04,Utilities,Utilities,257.46,debit,11500.150000000021,City Utilities,Auto Debit,High
0158e8f4-c867-48a6-8a69-d3872cabc7f0,2023-10-05,Dining,Dining,41.99,debit,11458.160000000022,Restaurant,UPI,High
a54cb7a8-7ddc-436c-9209-41d74c6c2560,2023-10-05,Groceries,Groceries,65.9,debit,11392.260000000022,SuperMart,Debit Card,High
154e53de-904b-4444-9f55-acc5d99eaa60,2023-10-05,Monthly Salary,Income,6000.0,credit,17392.260000000024,Employer Inc.,Bank Transfer,High
1d4b9355-2dcf-4e44-8b7d-ee0059f06671,2023-10-06,Dining,Dining,46.31,debit,17345.950000000023,Restaurant,Credit Card,High
405c5730-e2d3-4d8a-8994-eb87a7ca8afc,2023-10-08,Rent,Rent,2059.7,debit,15286.250000000022,Landlord,Auto Debit,High
0f0a39f5-23e2-43a3-a6e0-fdf399a0a5d8,2023-10-08,Transport,Transport,14.59,debit,15271.660000000022,Uber,UPI,High
4f2490bf-f8d0-481e-ad3d-ee5ecb68b128,2023-10-08,Transport,Transport,57.69,debit,15213.970000000021,Uber,Credit Card,High
8ff36e5b-559c-489c-bc11-5d938229e960,2023-10-08,Subscriptions,Subscriptions,61.79,debit,15152.18000000002,Streaming Service,Auto Debit,High
3381ad9d-a4fa-4aa0-be4d-4c634966fe07,2023-10-08,Shopping,Shopping,36.82,debit,15115.36000000002,Amazon,Debit Card,High
f7ce3d81-7568-4f0c-8ed9-eddc1b881c31,2023-10-09,Dining,Dining,34.85,debit,15080.51000000002,Restaurant,Debit Card,High
d957a708-437c-4c23-9d2a-e9bd472cf9c0,2023-10-09,Transport,Transport,14.23,debit,15066.28000000002,Uber,UPI,High
cde5f52d-5ee0-4dcc-aea9-50e6fd7878de,2023-10-10,Shopping,Shopping,25.15,debit,15041.130000000021,Amazon,Credit Card,High
6788c93b-7b1f-474d-9160-9645c8b27821,2023-10-10,Groceries,Groceries,26.7,debit,15014.43000000002,SuperMart,Credit Card,High
df94ea75-a928-4f76-b752-29a26ae95db4,2023-10-10,Transport,Transport,20.69,debit,14993.74000000002,Uber,UPI,High
bc7db4c1-2c50-4841-9662-f88d17e8afee,2023-10-12,Groceries,Groceries,117.85,debit,14875.89000000002,SuperMart,Credit Card,High
f10e9bf9-0886-490b-b8f8-1742a50eee79,2023-10-13,Transport,Transport,16.25,debit,14859.64000000002,Uber,Debit Card,High
ef4cddbe-3cd9-4df4-af79-7883f680ba53,2023-10-13,Dining,Dining,21.18,debit,14838.46000000002,Restaurant,Debit Card,High
37bb9d8d-e56c-45b6-bb7c-b39ac3c18153,2023-10-14,Transport,Transport,28.87,debit,14809.590000000018,Uber,Debit Card,High
4b865c91-4ffc-4915-8650-9141397e83d6,2023-10-15,Dining,Dining,38.57,debit,14771.020000000019,Restaurant,Debit Card,High
f8a297f5-d571-43ca-9ae3-c572500e441d,2023-10-15,Shopping,Shopping,64.17,debit,14706.850000000019,Amazon,UPI,High
e124b309-a720-486f-9f12-182fa242d33a,2023-10-16,Dining,Dining,43.36,debit,14663.490000000018,Restaurant,Debit Card,High
50a61fd6-5d44-4537-841e-3c951f5208cc,2023-10-18,Entertainment,Entertainment,257.46,debit,14406.030000000019,Cinema,Auto Debit,High
41b06f1c-61af-4a20-8b14-16d09a9566fb,2023-10-18,Groceries,Groceries,62.15,debit,14343.88000000002,SuperMart,Debit Card,High
5b51ca2f-3fd0-4242-b430-1ef402f48d78,2023-10-19,Dining,Dining,31.21,debit,14312.67000000002,Restaurant,Debit Card,High
3c9f73a9-deec-4ffc-b9d5-f9202748ee00,2023-10-19,Transport,Transport,36.07,debit,14276.60000000002,Uber,UPI,High
49e070e1-b300-42de-b122-3f80c04868c2,2023-10-20,Dining,Dining,31.43,debit,14245.17000000002,Restaurant,UPI,High
0e2c5e6b-fc59-4829-816e-696ef10c09f8,2023-10-20,Shopping,Shopping,23.36,debit,14221.81000000002,Amazon,Debit Card,High
f8363521-dafa-46ac-a3d7-5de2aa07adcd,2023-10-21,Groceries,Groceries,65.95,debit,14155.860000000019,SuperMart,Debit Card,High
91ad9ba8-06ba-4f62-8d15-ff228e36db2a,2023-10-21,Dining,Dining,35.56,debit,14120.30000000002,Restaurant,UPI,High
f4b09fb6-f6f6-4221-9fd2-2ffef8678b2f,2023-10-21,Transport,Transport,42.52,debit,14077.780000000019,Uber,Credit Card,High
b6a91106-057d-4f66-9862-6669985d7958,2023-10-22,Insurance,Insurance,308.96,debit,13768.82000000002,Insurance Co.,Auto Debit,High
0324cb27-6f7d-4508-af20-b907fd7e2161,2023-10-23,Shopping,Shopping,54.75,debit,13714.07000000002,Amazon,Debit Card,High
a42c93cc-d708-43e6-a91a-89407193aca0,2023-10-23,Groceries,Groceries,115.24,debit,13598.83000000002,SuperMart,UPI,High
e8c03991-cfcf-478e-9e6f-7f6500795d71,2023-10-23,Groceries,Groceries,121.31,debit,13477.52000000002,SuperMart,Credit Card,High
cdb780bb-3c6c-477f-bc3e-8500321d4478,2023-10-23,Shopping,Shopping,45.07,debit,13432.45000000002,Amazon,Debit Card,High
8414dd31-c8ef-4134-8288-bf4b8f3724bb,2023-10-25,Dining,Dining,61.02,debit,13371.43000000002,Restaurant,Debit Card,High
4ccdeb6f-31ab-41ec-ae85-0147c0379870,2023-10-26,Dining,Dining,31.58,debit,13339.85000000002,Restaurant,UPI,High
64fb6900-33d6-48ca-b7b7-50b9e6d275f6,2023-10-28,Dining,Dining,45.99,debit,13293.86000000002,Restaurant,Credit Card,High
292a1373-f88e-4f06-bdbd-4cb155b1b06b,2023-10-30,Transport,Transport,33.86,debit,13260.00000000002,Uber,Debit Card,High
6118ea9d-4d36-4fc4-906a-9e62b5142f8c,2023-10-30,EMI,EMI,823.88,debit,12436.12000000002,Bank Loan,Auto Debit,High
52f16436-6fe0-4c2d-af58-47daa4ffb6f5,2023-10-31,Transport,Transport,12.04,debit,12424.08000000002,Uber,UPI,High
b6ed4a89-5246-4b20-b823-0721ede8e853,2023-10-31,Dining,Dining,70.42,debit,12353.66000000002,Restaurant,Debit Card,High
d66bf2d1-2193-4e2f-a4d3-e70afe485fd7,2023-11-01,Dining,Dining,32.17,debit,12321.49000000002,Restaurant,Credit Card,High
01aa2285-6607-4bb7-8660-51b74ae06aca,2023-11-02,Shopping,Shopping,30.0,debit,12291.49000000002,Amazon,Credit Card,High
a8f33241-b6f8-4e33-bce0-82850cc471bf,2023-11-02,Shopping,Shopping,92.27,debit,12199.22000000002,Amazon,Debit Card,High
0e032233-df2f-4bd3-a40d-5f1f18e8f2f4,2023-11-03,Groceries,Groceries,112.38,debit,12086.84000000002,SuperMart,Credit Card,High
90d74b6b-5c91-42d2-a912-54d32f85ffd7,2023-11-03,Transport,Transport,64.1,debit,12022.74000000002,Uber,Debit Card,High
61039c0e-1bf8-4aee-b0e3-1a8a599b8768,2023-11-03,Shopping,Shopping,82.01,debit,11940.73000000002,Amazon,Debit Card,High
0d003343-35a1-498b-9b7d-ae05745303cf,2023-11-04,Shopping,Shopping,57.77,debit,11882.96000000002,Amazon,Debit Card,High
40b92c4f-db8c-4daf-a022-5bb4fdc92587,2023-11-05,Monthly Salary,Income,6000.0,credit,17882.96000000002,Employer Inc.,Bank Transfer,High
ff097445-725f-40dd-8645-d30c84d0f117,2023-11-06,Transport,Transport,15.65,debit,17867.31000000002,Uber,UPI,High
0b829a79-40b2-4f37-9547-995a6ac7844e,2023-11-06,Groceries,Groceries,35.31,debit,17832.00000000002,SuperMart,Debit Card,High
e25b993b-fbe4-4621-bcae-fe1430b37c16,2023-11-08,Dining,Dining,38.37,debit,17793.63000000002,Restaurant,UPI,High
9906081d-8c69-471d-9fd5-32fc79c65909,2023-11-09,Rent,Rent,2391.58,debit,15402.05000000002,Landlord,Auto Debit,High
5b2909bf-aafd-4cd8-baf2-0d22a30b7017,2023-11-09,Shopping,Shopping,63.62,debit,15338.430000000018,Amazon,Debit Card,High
b4839d63-5276-483d-b6a4-02a007bbd0be,2023-11-09,Dining,Dining,48.95,debit,15289.480000000018,Restaurant,UPI,High
685342c2-6944-4bea-b779-b3e9262f9ecf,2023-11-11,Transport,Transport,67.59,debit,15221.890000000018,Uber,Debit Card,High
d761d52c-3f36-492d-ac32-eb78e259a3e5,2023-11-11,Transport,Transport,11.17,debit,15210.720000000018,Uber,Debit Card,High
469077da-7c42-452d-8aa6-0ae2151bb5e7,2023-11-12,Transport,Transport,13.32,debit,15197.400000000018,Uber,Debit Card,High
f9a2edd7-11de-4e02-802b-8f2e1bdc0f06,2023-11-14,Transport,Transport,61.76,debit,15135.640000000018,Uber,UPI,High
0cffb9ac-fd8d-4170-b965-c68a3e1eae56,2023-11-14,Groceries,Groceries,14.23,debit,15121.410000000018,SuperMart,Credit Card,High
4a417518-dc8e-4952-a2b2-2e1ff8efc548,2023-11-15,Groceries,Groceries,84.33,debit,15037.080000000018,SuperMart,Credit Card,High
f2c1ba78-90f9-4c33-afd8-9d78de96c0c3,2023-11-15,Shopping,Shopping,81.25,debit,14955.830000000018,Amazon,Debit Card,High
36f06739-2d13-4436-a66f-1740dd339774,2023-11-15,Utilities,Utilities,309.1,debit,14646.730000000018,City Utilities,Auto Debit,High
441a29fa-e87a-45d1-8c74-248192cbec4c,2023-11-15,Dining,Dining,51.97,debit,14594.760000000018,Restaurant,Credit Card,High
1e7a07ee-a665-469f-a093-b13bf80e4a7c,2023-11-16,Shopping,Shopping,107.72,debit,14487.040000000019,Amazon,Debit Card,High
f13cf07d-803a-4da8-b94c-002af2fe1f50,2023-11-16,Transport,Transport,33.47,debit,14453.57000000002,Uber,UPI,High
6557b8fb-5b49-45a9-b28f-5bbddbb71c46,2023-11-16,Subscriptions,Subscriptions,80.81,debit,14372.76000000002,Streaming Service,Auto Debit,High
f38d085b-a488-4e12-9695-710fbd3fce09,2023-11-17,Shopping,Shopping,83.79,debit,14288.97000000002,Amazon,Debit Card,High
82c0a446-73b1-4170-8ed6-3f6a7c2f2934,2023-11-18,Groceries,Groceries,130.41,debit,14158.56000000002,SuperMart,Credit Card,High
290404a5-98a4-4124-a806-47d87c39ee0b,2023-11-18,Dining,Dining,16.79,debit,14141.770000000019,Restaurant,Debit Card,High
76c61741-dfe8-4a30-b915-cc0e37ae02a6,2023-11-19,Dining,Dining,57.33,debit,14084.440000000019,Restaurant,Credit Card,High
44333e17-c009-4d56-ae66-dac06ca797cf,2023-11-19,Groceries,Groceries,127.25,debit,13957.190000000019,SuperMart,UPI,High
077fac96-45d1-45af-86bf-aa5add64bdb3,2023-11-19,Dining,Dining,54.6,debit,13902.590000000018,Restaurant,Credit Card,High
111d4080-0bea-4263-a4b6-6e5ced170b5b,2023-11-20,Healthcare,Healthcare,194.65,debit,13707.940000000019,Pharmacy,Auto Debit,High
ef859803-3948-4147-8639-2c3bf7c838ce,2023-11-20,Groceries,Groceries,88.3,debit,13619.64000000002,SuperMart,UPI,High
b2993efb-b618-4592-bc80-e977516fa7a2,2023-11-20,Dining,Dining,19.97,debit,13599.67000000002,Restaurant,Debit Card,High
d1fdb131-0ab1-425c-a720-123e5b9a18df,2023-11-20,Dining,Dining,55.85,debit,13543.82000000002,Restaurant,Credit Card,High
6f6fb15a-9400-4ac8-8792-06d53e2c86dd,2023-11-21,Transport,Transport,41.33,debit,13502.49000000002,Uber,Debit Card,High
36bb678c-ae43-4c7c-80ce-c1746d0c57f3,2023-11-21,Groceries,Groceries,59.17,debit,13443.32000000002,SuperMart,Credit Card,High
aef3a87e-1f1a-4b52-8f89-4ed6c52b9903,2023-11-21,EMI,EMI,965.0,debit,12478.32000000002,Bank Loan,Auto Debit,High
2d6c1c3e-845d-4969-9974-cd31cec13ca4,2023-11-22,Shopping,Shopping,59.18,debit,12419.14000000002,Amazon,Debit Card,High
2624a1dc-fc2b-4152-ae0d-30f07d3b6b1c,2023-11-22,Shopping,Shopping,107.01,debit,12312.13000000002,Amazon,UPI,High
f05d8b4f-b73b-4f53-a0c5-f54ba23ce64c,2023-11-22,Transport,Transport,54.77,debit,12257.360000000019,Uber,Credit Card,High
9e5295bc-ec3a-40da-a9cc-23db0d27e66d,2023-11-23,Entertainment,Entertainment,326.81,debit,11930.55000000002,Cinema,Auto Debit,High
e3c2e34f-d1c1-4ae5-963f-9ecd665c0b2e,2023-11-23,Dining,Dining,63.06,debit,11867.49000000002,Restaurant,Debit Card,High
2d973066-eb23-4823-8c6e-9be9e63e1739,2023-11-23,Dining,Dining,71.66,debit,11795.83000000002,Restaurant,Debit Card,High
57504e2c-c1c9-4fac-8ee6-d00098a08123,2023-11-24,Dining,Dining,43.73,debit,11752.10000000002,Restaurant,Debit Card,High
0b50d9ab-0fb2-44b0-88b0-011c70ef86a1,2023-11-25,Dining,Dining,37.82,debit,11714.28000000002,Restaurant,UPI,High
80214e07-e14c-419f-ac1c-7fc6ae68c4c8,2023-11-25,Transport,Transport,24.47,debit,11689.810000000021,Uber,Credit Card,High
2677111e-674d-47d7-b65b-2441254bc38f,2023-11-25,Insurance,Insurance,400.31,debit,11289.500000000022,Insurance Co.,Auto Debit,High
51017450-5a3d-4a74-94c1-efd105ace12d,2023-11-26,Groceries,Groceries,114.08,debit,11175.420000000022,SuperMart,Credit Card,High
488d2a91-5da3-4404-918a-14fd2b1d3196,2023-11-26,Groceries,Groceries,105.41,debit,11070.010000000022,SuperMart,UPI,High
f77dd092-0d29-4a20-b898-cf55185ba949,2023-11-27,Shopping,Shopping,82.45,debit,10987.560000000021,Amazon,UPI,High
aec8c33b-4998-45a2-af33-b8b93681b3eb,2023-11-27,Dining,Dining,87.08,debit,10900.480000000021,Restaurant,Debit Card,High
3e72f531-d91c-46d7-be0b-fc075b87254f,2023-11-27,Dining,Dining,60.47,debit,10840.010000000022,Restaurant,UPI,High
c1dee36d-f397-4b74-9841-06f2c674d5d3,2023-11-27,Shopping,Shopping,30.55,debit,10809.460000000023,Amazon,Credit Card,High
88e0dbe5-d44e-4f9f-9fa2-07a12fa66e92,2023-11-27,Groceries,Groceries,126.73,debit,10682.730000000023,SuperMart,UPI,High
42d0d26f-caa3-4e00-a06c-9258c1f7dc98,2023-11-27,Groceries,Groceries,24.56,debit,10658.170000000024,SuperMart,Credit Card,High
fd82f47d-94d0-4314-b159-fb2612625a56,2023-11-27,Transport,Transport,13.57,debit,10644.600000000024,Uber,Debit Card,High
012a0551-e0ac-4e7a-a735-e2ebdca24528,2023-11-28,Shopping,Shopping,94.04,debit,10550.560000000023,Amazon,UPI,High
f6301575-85b3-4ebf-89e7-f1bb0d81efa7,2023-11-28,Transport,Transport,74.06,debit,10476.500000000024,Uber,Credit Card,High
74c506d3-a35a-4571-b8c0-e8e59d5fb6f5,2023-11-29,Dining,Dining,68.24,debit,10408.260000000024,Restaurant,Debit Card,High
c93e6327-2b58-485d-96ac-e9a5c20f4902,2023-11-30,Groceries,Groceries,22.39,debit,10385.870000000024,SuperMart,Debit Card,High
9288a158-4199-4128-9972-fa694cc3b7a9,2023-11-30,Transport,Transport,64.65,debit,10321.220000000025,Uber,Debit Card,High
c58d08c8-6906-4ee8-829c-6504e9aee679,2023-11-30,Groceries,Groceries,65.14,debit,10256.080000000025,SuperMart,Debit Card,High
4af2f85b-2197-45bf-ab03-9e8c2256ca1b,2023-12-01,Groceries,Groceries,68.58,debit,10187.500000000025,SuperMart,UPI,High
7863f708-63a5-4012-a110-81d81ab1c368,2023-12-01,Subscriptions,Subscriptions,82.43,debit,10105.070000000025,Streaming Service,Auto Debit,High
fb3b4c25-6ba9-412b-8e51-9db16e97ec04,2023-12-01,Groceries,Groceries,106.94,debit,9998.130000000025,SuperMart,UPI,High
9d7c6154-55da-4052-b39b-83ac7bfe85cc,2023-12-02,Transport,Transport,18.19,debit,9979.940000000024,Uber,Debit Card,High
7d0f9388-3490-4439-b5c4-02eda9487baf,2023-12-04,Shopping,Shopping,12.94,debit,9967.000000000024,Amazon,UPI,High
73213b4b-7bec-48fd-9c39-1077d97768a6,2023-12-05,Monthly Salary,Income,6000.0,credit,15967.000000000024,Employer Inc.,Bank Transfer,High
c2f0453c-fc41-4788-82b1-904fc71b19f5,2023-12-05,Shopping,Shopping,23.3,debit,15943.700000000024,Amazon,UPI,High
6387fa6c-f233-415a-8e75-b570563830cc,2023-12-05,Shopping,Shopping,88.37,debit,15855.330000000024,Amazon,Debit Card,High
9c9df8e4-ef67-45e5-b774-b387d71ec1a0,2023-12-05,Dining,Dining,79.59,debit,15775.740000000023,Restaurant,Debit Card,High
dec192f3-54bb-4bc4-b39c-56f8307bae3e,2023-12-07,Groceries,Groceries,19.01,debit,15756.730000000023,SuperMart,Debit Card,High
ebbf1193-8cae-43bb-a603-35acdc3fb945,2023-12-07,Dining,Dining,73.08,debit,15683.650000000023,Restaurant,UPI,High
85dd7a8f-016a-48e1-8442-709804dace6e,2023-12-08,Transport,Transport,53.71,debit,15629.940000000024,Uber,Debit Card,High
639e56b5-17e1-4887-9952-29ed4addd801,2023-12-08,Groceries,Groceries,142.21,debit,15487.730000000025,SuperMart,Credit Card,High
4da62920-f99b-454f-887e-eeafa3d9b4e1,2023-12-09,Dining,Dining,86.31,debit,15401.420000000026,Restaurant,Credit Card,High
54bef040-678c-484b-9c44-48d9b10578ec,2023-12-09,Dining,Dining,29.81,debit,15371.610000000026,Restaurant,Debit Card,High
90b52342-20c5-40c6-9391-b6d3e842e032,2023-12-10,Dining,Dining,41.88,debit,15329.730000000027,Restaurant,UPI,High
58d972e6-d3eb-4f85-b3de-67a5c0d27dec,2023-12-10,Groceries,Groceries,77.08,debit,15252.650000000027,SuperMart,UPI,High
0807b0a6-f76e-434d-9095-3184147d1fa0,2023-12-10,Dining,Dining,59.45,debit,15193.200000000026,Restaurant,UPI,High
309431ea-35da-4e72-949d-d364b08b9267,2023-12-10,Dining,Dining,36.58,debit,15156.620000000026,Restaurant,UPI,High
26fa80d7-d915-41a2-bf4a-5ef617f86a93,2023-12-11,Shopping,Shopping,31.79,debit,15124.830000000025,Amazon,Credit Card,High
3211848b-a6b1-4e45-a512-df0a2bc7499a,2023-12-11,Transport,Transport,62.35,debit,15062.480000000025,Uber,UPI,High
798000c1-345f-4d3e-ae26-5d6257475105,2023-12-11,Dining,Dining,63.27,debit,14999.210000000025,Restaurant,UPI,High
b4649865-f6e3-4991-87df-9dd2cec6451a,2023-12-13,Entertainment,Entertainment,315.38,debit,14683.830000000025,Cinema,Auto Debit,High
55211693-7610-4a77-ac70-c97a61977665,2023-12-13,Transport,Transport,26.26,debit,14657.570000000025,Uber,Debit Card,High
3bc8ae43-2394-478b-b82a-f57b2465cfbe,2023-12-14,Groceries,Groceries,59.62,debit,14597.950000000024,SuperMart,Credit Card,High
32871a0c-f152-427f-90ae-6f0034268f86,2023-12-14,Dining,Dining,70.65,debit,14527.300000000025,Restaurant,Debit Card,High
cb6e487b-3b20-4b49-890f-0df41668b7de,2023-12-15,Groceries,Groceries,128.15,debit,14399.150000000025,SuperMart,Credit Card,High
7bcae2a3-ba71-4c88-889f-101dde1bfa47,2023-12-15,Insurance,Insurance,405.05,debit,13994.100000000026,Insurance Co.,Auto Debit,High
bd97c5a7-8314-4f07-a552-29440e4feb3d,2023-12-15,Groceries,Groceries,125.19,debit,13868.910000000025,SuperMart,UPI,High
9e215d32-f505-409c-9db2-4c4f414dae99,2023-12-15,Transport,Transport,42.4,debit,13826.510000000026,Uber,UPI,High
d0b6b62e-459b-45df-91ec-b7f8ab23ff72,2023-12-15,Rent,Rent,2630.44,debit,11196.070000000025,Landlord,Auto Debit,High
57ab63a7-2cf1-4b9c-9148-0067d49a5f77,2023-12-15,Dining,Dining,75.69,debit,11120.380000000025,Restaurant,UPI,High
f6f17d5f-ea87-4004-a687-6027143df5d6,2023-12-16,Utilities,Utilities,304.47,debit,10815.910000000025,City Utilities,Auto Debit,High
0a484251-aaa8-4add-badb-08102d361bed,2023-12-16,Dining,Dining,14.04,debit,10801.870000000024,Restaurant,Credit Card,High
aa77ebb8-a121-4766-8b6b-1c5b1647dbb1,2023-12-16,Groceries,Groceries,46.22,debit,10755.650000000025,SuperMart,Credit Card,High
84777885-f3c8-47d3-9389-80d0fb4620cc,2023-12-16,Transport,Transport,36.39,debit,10719.260000000026,Uber,Credit Card,High
ee63c78f-527f-4758-81b2-19842cf0af70,2023-12-16,Transport,Transport,31.1,debit,10688.160000000025,Uber,Debit Card,High
b9f341f0-5fc3-44d1-b606-feb05e5b03dd,2023-12-17,Dining,Dining,77.2,debit,10610.960000000025,Restaurant,UPI,High
6e2d6064-7b46-41d6-8880-dbcf94b2749f,2023-12-18,Groceries,Groceries,150.81,debit,10460.150000000025,SuperMart,Credit Card,High
b0a06379-cc16-42a5-a0e9-69508ff7af4b,2023-12-19,Transport,Transport,40.75,debit,10419.400000000025,Uber,UPI,High
24102fb5-77be-4190-8799-4d8f6cbec28c,2023-12-19,Transport,Transport,73.47,debit,10345.930000000026,Uber,Debit Card,High
5abaebbf-5c6f-4021-bf7b-10eb8bf8bd66,2023-12-20,Groceries,Groceries,118.13,debit,10227.800000000027,SuperMart,Credit Card,High
ca2084da-8c57-43fb-b56d-a79334fd7d5a,2023-12-21,Groceries,Groceries,147.26,debit,10080.540000000026,SuperMart,Credit Card,High
1fd978c6-6a8d-4953-bac6-0b84ae9ede07,2023-12-22,Shopping,Shopping,56.77,debit,10023.770000000026,Amazon,UPI,High
29da83c4-1c74-4d5d-98b2-b9c0831b165b,2023-12-23,Transport,Transport,48.06,debit,9975.710000000026,Uber,Credit Card,High
fe2417f4-f63e-467b-bfda-6e6d536f1b26,2023-12-23,Transport,Transport,53.95,debit,9921.760000000026,Uber,Debit Card,High
f2e16986-639e-4447-a5b2-e2b5b8438cd9,2023-12-23,Dining,Dining,87.87,debit,9833.890000000025,Restaurant,Debit Card,High
da7eee1b-acf0-46de-8de6-8ff861c38155,2023-12-23,Groceries,Groceries,94.72,debit,9739.170000000026,SuperMart,Credit Card,High
37057e09-919c-45d0-9e94-5ca0484a261d,2023-12-24,EMI,EMI,1010.41,debit,8728.760000000026,Bank Loan,Auto Debit,High
36d4fc37-bffa-4206-84d3-b5348751388c,2023-12-24,Transport,Transport,75.81,debit,8652.950000000026,Uber,Debit Card,High
97493959-2944-4396-9687-0a0f25ab281f,2023-12-25,Transport,Transport,45.2,debit,8607.750000000025,Uber,UPI,High
c9a2eb1b-a2bf-4547-941a-c84e8d8d0152,2023-12-25,Groceries,Groceries,29.12,debit,8578.630000000025,SuperMart,Credit Card,High
4f887201-8f8e-43f6-bad2-eb8fb4f73320,2023-12-28,Shopping,Shopping,75.23,debit,8503.400000000025,Amazon,Debit Card,High
cacfbe74-de8c-4203-99c1-a68e98c024e2,2023-12-28,Transport,Transport,36.88,debit,8466.520000000026,Uber,Credit Card,High
909f9ba4-0542-4c89-a86b-87ddba1403e9,2023-12-28,Dining,Dining,25.67,debit,8440.850000000026,Restaurant,Credit Card,High
412ce906-9272-4033-8e8c-70093fa01519,2023-12-29,Dining,Dining,79.36,debit,8361.490000000025,Restaurant,Credit Card,High
fa050322-6683-499b-bd07-8cca8cd78909,2023-12-30,Groceries,Groceries,55.85,debit,8305.640000000025,SuperMart,Debit Card,High
f3f5d607-cb52-4c7b-8b2d-5e02f70151be,2023-12-30,Dining,Dining,27.23,debit,8278.410000000025,Restaurant,UPI,High
51428861-3b7e-4245-8f32-1c2232ff51cc,2023-12-30,Healthcare,Healthcare,196.54,debit,8081.870000000025,Pharmacy,Auto Debit,High
565d9d66-6fcf-4a5a-becb-f76913837e98,2023-12-30,Transport,Transport,72.99,debit,8008.880000000026,Uber,Debit Card,High
1a8a01fe-08b2-460e-8ee3-986af5ccf133,2023-12-31,Shopping,Shopping,37.33,debit,7971.550000000026,Amazon,UPI,High
5854d25b-d26a-4ebe-916f-8d06b342d32a,2023-12-31,Shopping,Shopping,79.14,debit,7892.410000000025,Amazon,Credit Card,High
499ed86a-fe72-4c60-8ce3-cfd0f0d8022e,2024-01-01,Transport,Transport,41.85,debit,7850.560000000025,Uber,Debit Card,High
939aa88e-d190-44e9-9e7c-0186b6f8638a,2024-01-01,Shopping,Shopping,40.67,debit,7809.890000000025,Amazon,UPI,High
44c83cbb-896b-44e6-8257-dbe6b76a4fad,2024-01-02,Dining,Dining,67.7,debit,7742.190000000025,Restaurant,Debit Card,High
ab9f3031-dd21-4a82-be24-d17d8a288f74,2024-01-02,Dining,Dining,24.28,debit,7717.910000000025,Restaurant,UPI,High
d1466de3-7b33-468e-923b-6bc8e70f7059,2024-01-02,Subscriptions,Subscriptions,62.4,debit,7655.510000000026,Streaming Service,Auto Debit,High
54cdbee9-6b29-4449-a008-2486e0571844,2024-01-03,Dining,Dining,18.74,debit,7636.770000000026,Restaurant,Debit Card,High
3b9672ac-29cd-4cc7-80b3-fad1fb5f6439,2024-01-03,Transport,Transport,57.72,debit,7579.050000000026,Uber,UPI,High
fc4425bd-52b0-4c1f-a24d-777de9d483ef,2024-01-03,Dining,Dining,36.6,debit,7542.450000000025,Restaurant,Credit Card,High
5f0bac97-a4f2-41b8-90ff-8864cdc144ae,2024-01-04,Dining,Dining,16.33,debit,7526.120000000025,Restaurant,UPI,High
4c457338-8d9e-4d73-a9c7-13179115016e,2024-01-04,Shopping,Shopping,63.99,debit,7462.130000000026,Amazon,Credit Card,High
de6e4864-21b6-4f35-b0d3-3829f838e169,2024-01-05,Transport,Transport,53.88,debit,7408.2500000000255,Uber,Credit Card,High
a7356807-a424-44ec-9d7e-ad74d296e6cc,2024-01-05,Performance Bonus,Income,1227.0,credit,8635.250000000025,Employer Inc.,Bank Transfer,High
7b4cd454-ffbc-4468-9161-39b06edff5f6,2024-01-05,Monthly Salary,Income,6000.0,credit,14635.250000000025,Employer Inc.,Bank Transfer,High
5474fd6f-9bad-4ec8-963f-4e376e173c4f,2024-01-05,Dining,Dining,58.43,debit,14576.820000000025,Restaurant,Credit Card,High
886678e3-5c5e-4d22-b214-bcb19fbbc932,2024-01-05,Groceries,Groceries,101.53,debit,14475.290000000025,SuperMart,Credit Card,High
5cdf3ae4-5774-4eb4-b91c-cc75841c9c81,2024-01-06,Transport,Transport,54.04,debit,14421.250000000024,Uber,Credit Card,High
e37527b4-e9ad-4740-98d1-52b7ab8f8e26,2024-01-06,Transport,Transport,20.77,debit,14400.480000000023,Uber,Credit Card,High
8fee16f0-3c54-42bb-a4f6-c2336caa153d,2024-01-07,Shopping,Shopping,35.35,debit,14365.130000000023,Amazon,Debit Card,High
4d834d11-ecc6-4b83-93fa-df088c40733e,2024-01-08,Dining,Dining,67.26,debit,14297.870000000023,Restaurant,UPI,High
45403625-e9ec-43db-ab4a-ea8189e56d5c,2024-01-08,Transport,Transport,18.67,debit,14279.200000000023,Uber,Debit Card,High
7147c1e6-bfd1-4a66-907b-d6cd207119f2,2024-01-09,Transport,Transport,21.92,debit,14257.280000000022,Uber,UPI,High
ba6aef5f-6a9e-4e13-bcff-b456610cafc7,2024-01-09,Transport,Transport,26.32,debit,14230.960000000023,Uber,Debit Card,High
96a4e0b6-f4fc-4d98-b222-a615209d5dcf,2024-01-10,Shopping,Shopping,20.31,debit,14210.650000000023,Amazon,Credit Card,High
48aa6ef0-953f-4092-96dd-e61b0814c9d8,2024-01-10,Shopping,Shopping,43.12,debit,14167.530000000022,Amazon,UPI,High
c54bb9a1-5808-4d77-9cc7-29c3b6815788,2024-01-10,Dining,Dining,11.45,debit,14156.080000000022,Restaurant,Debit Card,High
8416dc84-fbf7-40a5-b12b-680bcfff27d3,2024-01-11,Groceries,Groceries,36.32,debit,14119.760000000022,SuperMart,UPI,High
c954786e-9206-4e86-a0c6-9827d6158761,2024-01-12,Shopping,Shopping,26.44,debit,14093.320000000022,Amazon,UPI,High
b7c9e479-d355-44c4-8f9e-a7f1ee680af8,2024-01-12,Dining,Dining,50.91,debit,14042.410000000022,Restaurant,Debit Card,High
59126e2f-76a4-4689-ac93-10cc2d538b4b,2024-01-13,Shopping,Shopping,46.48,debit,13995.930000000022,Amazon,Debit Card,High
73cfc2d6-fbda-4b9f-8ff1-6683576a2e7a,2024-01-13,Groceries,Groceries,38.91,debit,13957.020000000022,SuperMart,Debit Card,High
31e251a1-c79c-4a98-acda-dab12ce8f2b0,2024-01-13,Shopping,Shopping,43.1,debit,13913.920000000022,Amazon,UPI,High
c8c68e32-8c6f-44e7-981b-365fd0494e36,2024-01-14,Rent,Rent,2225.6,debit,11688.320000000022,Landlord,Auto Debit,High
27478359-3a63-40fc-b9bb-709538c87966,2024-01-15,Dining,Dining,55.6,debit,11632.720000000021,Restaurant,Credit Card,High
6f8da2d6-be92-4ebb-bd2f-b812f785ccfb,2024-01-15,Shopping,Shopping,77.33,debit,11555.390000000021,Amazon,Debit Card,High
8c284020-de98-43e7-8bc2-1061b2316b34,2024-01-15,Transport,Transport,27.4,debit,11527.990000000022,Uber,UPI,High
4c841e0a-765f-4af2-a380-a7390e1b0b49,2024-01-15,Entertainment,Entertainment,260.0,debit,11267.990000000022,Cinema,Auto Debit,High
e78b6cff-3460-4b89-8969-eb2cef35c65b,2024-01-16,Groceries,Groceries,27.21,debit,11240.780000000022,SuperMart,Debit Card,High
d4b6525f-966e-4467-b2d3-8bbd18a6d3e2,2024-01-17,Transport,Transport,13.61,debit,11227.170000000022,Uber,Debit Card,High
0afb6f0b-8bf2-4aa9-b823-ffd461676432,2024-01-19,Shopping,Shopping,34.41,debit,11192.760000000022,Amazon,Debit Card,High
463d7551-aff5-4ec7-aab3-fe9c35ccb985,2024-01-19,Transport,Transport,14.05,debit,11178.710000000023,Uber,UPI,High
602c09d0-776f-4b16-9eda-e3747fa72082,2024-01-20,Transport,Transport,22.36,debit,11156.350000000022,Uber,UPI,High
b67abac7-53f6-4a6b-b61c-022fd1bd1170,2024-01-21,Groceries,Groceries,49.69,debit,11106.660000000022,SuperMart,UPI,High
9133db79-b1dd-4b60-b25c-a3479f853afd,2024-01-21,Dining,Dining,28.08,debit,11078.580000000022,Restaurant,UPI,High
edacef03-5f0f-483e-8c0d-848a224ecf5d,2024-01-21,Shopping,Shopping,39.15,debit,11039.430000000022,Amazon,Debit Card,High
b952ded7-53f0-4b49-9439-cba87cd0cf33,2024-01-21,Groceries,Groceries,92.66,debit,10946.770000000022,SuperMart,Credit Card,High
c7581e90-efb0-4f6c-90db-e43b66ddb828,2024-01-22,Transport,Transport,49.0,debit,10897.770000000022,Uber,UPI,High
3c520ba3-8e29-4979-8203-8cf58b06cb1c,2024-01-23,Groceries,Groceries,92.91,debit,10804.860000000022,SuperMart,Debit Card,High
1a45aab5-ad09-460f-8ecf-0844c2ec227e,2024-01-23,Dining,Dining,26.08,debit,10778.780000000022,Restaurant,Credit Card,High
ca3f01be-077b-475f-b103-f5986b422d2a,2024-01-23,Shopping,Shopping,49.34,debit,10729.440000000022,Amazon,Debit Card,High
6ae6de57-9844-46f1-b241-966f590bc889,2024-01-23,Dining,Dining,47.24,debit,10682.200000000023,Restaurant,Debit Card,High
e5f894fa-4bf6-4ad5-96fb-8f2a716caf2f,2024-01-24,Insurance,Insurance,312.0,debit,10370.200000000023,Insurance Co.,Auto Debit,High
efe12a9b-66df-4446-b85b-d04fc1540bb5,2024-01-25,Dining,Dining,70.23,debit,10299.970000000023,Restaurant,Debit Card,High
68917a32-2c53-43c8-bbbd-be482fabbd00,2024-01-25,Healthcare,Healthcare,156.0,debit,10143.970000000023,Pharmacy,Auto Debit,High
b857f3fb-6cb3-4612-976d-fec99febe807,2024-01-26,Dining,Dining,59.62,debit,10084.350000000022,Restaurant,Credit Card,High
7ae9fddb-98cd-4cc6-96cf-a174189ec6ad,2024-01-26,Transport,Transport,15.46,debit,10068.890000000023,Uber,Credit Card,High
7478e1ec-8789-4975-a6ff-e1abe4ba5dda,2024-01-27,Shopping,Shopping,22.91,debit,10045.980000000023,Amazon,UPI,High
e2fd4d52-9dc7-49e2-a21b-77cbbd247534,2024-01-28,Groceries,Groceries,55.61,debit,9990.370000000023,SuperMart,UPI,High
6e9d9455-96b3-409c-a5fb-acdbe9b3cf75,2024-01-28,Shopping,Shopping,76.97,debit,9913.400000000023,Amazon,UPI,High
be59239d-efde-4847-a861-1c628a32b882,2024-01-28,Shopping,Shopping,35.4,debit,9878.000000000024,Amazon,Debit Card,High
8d45d80f-4f0b-43b2-ba97-93391133a909,2024-01-28,Dining,Dining,31.51,debit,9846.490000000023,Restaurant,UPI,High
7feada34-72b3-4026-8771-219447251d05,2024-01-28,Groceries,Groceries,72.3,debit,9774.190000000024,SuperMart,UPI,High
60bd5999-1623-40c6-9e10-2c4ff260a237,2024-01-28,Groceries,Groceries,89.67,debit,9684.520000000024,SuperMart,UPI,High
3d954322-8594-44ba-87e1-3446e49b2407,2024-01-28,Groceries,Groceries,83.6,debit,9600.920000000024,SuperMart,Debit Card,High
8b03e3a1-8af8-4f79-b98e-1c49944e378e,2024-01-28,Transport,Transport,16.44,debit,9584.480000000023,Uber,Debit Card,High
ac5bf81b-5423-4552-9a27-42da99f7ef40,2024-01-29,Utilities,Utilities,260.0,debit,9324.480000000023,City Utilities,Auto Debit,High
a56006b0-cf83-4623-b7cf-1eab36b8947c,2024-01-29,Transport,Transport,29.88,debit,9294.600000000024,Uber,Debit Card,High
359edf36-407d-4c34-ac7a-c5376d86dee0,2024-01-29,Dining,Dining,16.42,debit,9278.180000000024,Restaurant,Credit Card,High
b55bb74e-f951-4056-9f33-2425643a0a23,2024-01-30,Transport,Transport,19.76,debit,9258.420000000024,Uber,UPI,High
ee2df2a0-8b8c-4426-a0c2-5a8ef50672d2,2024-01-30,EMI,EMI,832.0,debit,8426.420000000024,Bank Loan,Auto Debit,High
36ce1315-1679-4952-8f3d-c3130e897381,2024-01-30,Dining,Dining,48.62,debit,8377.800000000023,Restaurant,Debit Card,High
2c8b4e84-a72b-4001-aba6-247580e1c70f,2024-01-31,Shopping,Shopping,10.34,debit,8367.460000000023,Amazon,Debit Card,High
9cb0cabd-8325-456b-8f26-3eba17585474,2024-02-01,Shopping,Shopping,50.9,debit,8316.560000000023,Amazon,UPI,High
24219042-b992-4845-ad30-8197899e720c,2024-02-01,Transport,Transport,44.66,debit,8271.900000000023,Uber,Debit Card,High
48f4390d-c0f3-4ab7-a234-8499eb013dce,2024-02-02,Groceries,Groceries,63.94,debit,8207.960000000023,SuperMart,UPI,High
b8baf8c3-0446-498a-b2bf-0f63caceb620,2024-02-02,Shopping,Shopping,39.86,debit,8168.100000000023,Amazon,Credit Card,High
77a45e09-5688-42b8-801a-bb11e964b4ac,2024-02-03,Shopping,Shopping,54.32,debit,8113.780000000023,Amazon,UPI,High
8db1eb20-b0a1-4d88-8ba8-23023285519b,2024-02-04,Shopping,Shopping,20.37,debit,8093.4100000000235,Amazon,Credit Card,High
54d8525b-723e-44f4-b5ab-3d5bb24f94d6,2024-02-04,EMI,EMI,834.72,debit,7258.690000000023,Bank Loan,Auto Debit,High
db192d0b-c4b7-40ad-b4ff-226e939f0754,2024-02-04,Shopping,Shopping,51.84,debit,7206.850000000023,Amazon,UPI,High
f8cb1607-183a-4b81-95ae-f9cade0c78ac,2024-02-04,Subscriptions,Subscriptions,62.6,debit,7144.250000000023,Streaming Service,Auto Debit,High
08feca96-5770-46e9-b7ac-f1d7a72d7d1c,2024-02-05,Groceries,Groceries,53.52,debit,7090.730000000022,SuperMart,Credit Card,High
e8826204-ed2d-424f-afab-16a1bf1b4c1e,2024-02-05,Transport,Transport,24.24,debit,7066.4900000000225,Uber,Credit Card,High
5ade0395-366e-44a8-8c38-54ec4a0c50fa,2024-02-05,Monthly Salary,Income,6000.0,credit,13066.490000000023,Employer Inc.,Bank Transfer,High
ed8843a0-b766-4d9e-b6f3-5aa906942afd,2024-02-06,Utilities,Utilities,260.85,debit,12805.640000000023,City Utilities,Auto Debit,High
33a1a37b-4618-4665-962a-998e4ba19976,2024-02-07,Dining,Dining,58.89,debit,12746.750000000024,Restaurant,Credit Card,High
3c2f3d32-7795-4285-b5ac-3febcb130190,2024-02-07,Groceries,Groceries,109.15,debit,12637.600000000024,SuperMart,UPI,High
e9571fda-f717-4911-bb39-8e979cdf6375,2024-02-08,Groceries,Groceries,74.21,debit,12563.390000000025,SuperMart,UPI,High
e70fc566-8001-4594-80f0-4bc5a04c2bab,2024-02-08,Shopping,Shopping,82.64,debit,12480.750000000025,Amazon,UPI,High
6d8bc4ce-bf9a-4822-93a9-dce767d9273e,2024-02-08,Shopping,Shopping,75.2,debit,12405.550000000025,Amazon,Debit Card,High
6bec29d8-f088-441d-aa57-bbc347266e11,2024-02-09,Dining,Dining,35.26,debit,12370.290000000025,Restaurant,Credit Card,High
e5faac87-3a44-4cee-af67-c9276c171323,2024-02-09,Dining,Dining,45.28,debit,12325.010000000024,Restaurant,Debit Card,High
dfb1c0ff-7725-40c1-9c67-24180b7f083d,2024-02-09,Groceries,Groceries,71.64,debit,12253.370000000024,SuperMart,UPI,High
699a41eb-ef87-42d1-a563-6bafe202e8b7,2024-02-10,Healthcare,Healthcare,156.51,debit,12096.860000000024,Pharmacy,Auto Debit,High
cd3da092-97f9-4d3d-826c-b2ce9cb5edc6,2024-02-10,Groceries,Groceries,106.38,debit,11990.480000000025,SuperMart,Debit Card,High
3db90451-8f29-4934-ab9b-4cdd38d73810,2024-02-10,Groceries,Groceries,50.25,debit,11940.230000000025,SuperMart,Debit Card,High
44175018-793c-453c-a5bc-0c6aa21d4e41,2024-02-11,Shopping,Shopping,69.17,debit,11871.060000000025,Amazon,UPI,High
5be3fc52-d9e5-4616-8a1e-03078c0e2f2d,2024-02-12,Transport,Transport,18.21,debit,11852.850000000026,Uber,Credit Card,High
7c6b8cf7-fb51-43c3-8d0e-215445b2af80,2024-02-12,Groceries,Groceries,82.0,debit,11770.850000000026,SuperMart,UPI,High
6d7509a8-b3c5-4c81-8597-9f6a520ff2f4,2024-02-13,Transport,Transport,11.34,debit,11759.510000000026,Uber,UPI,High
810bd2ff-f635-4277-ad7a-befd02ac1bb6,2024-02-15,Transport,Transport,21.68,debit,11737.830000000025,Uber,Debit Card,High
3833f284-8911-4c1a-b4fb-fcf01691e595,2024-02-15,Transport,Transport,29.64,debit,11708.190000000026,Uber,Credit Card,High
72c4f1e2-70d9-489e-b186-1183e8cca082,2024-02-16,Insurance,Insurance,313.02,debit,11395.170000000026,Insurance Co.,Auto Debit,High
43ef095b-f0c9-417b-877f-d9933e491e2a,2024-02-17,Dining,Dining,37.78,debit,11357.390000000025,Restaurant,UPI,High
31860691-82fb-470f-9714-ee8298ebbd21,2024-02-18,Transport,Transport,11.43,debit,11345.960000000025,Uber,Credit Card,High
f1a40e79-380a-430b-8e46-bf5175538823,2024-02-19,Transport,Transport,11.04,debit,11334.920000000024,Uber,Debit Card,High
a412aa8a-9065-4ac4-a5fd-9361e5483618,2024-02-20,Rent,Rent,2232.89,debit,9102.030000000024,Landlord,Auto Debit,High
fcbd7ea6-fc7b-4b27-8be3-0fb2bec4e30c,2024-02-20,Groceries,Groceries,62.88,debit,9039.150000000025,SuperMart,Debit Card,High
d2b926f4-4229-45e7-ae19-30ffc91dbeeb,2024-02-21,Shopping,Shopping,34.93,debit,9004.220000000025,Amazon,Debit Card,High
11747457-223a-4782-ac95-c21328106b50,2024-02-21,Shopping,Shopping,79.39,debit,8924.830000000025,Amazon,Debit Card,High
9703bec9-656e-4226-9251-9753f98d5ef0,2024-02-21,Groceries,Groceries,55.77,debit,8869.060000000025,SuperMart,Credit Card,High
03bd41ed-62ea-4112-88c2-991ec1f2c045,2024-02-21,Groceries,Groceries,102.14,debit,8766.920000000026,SuperMart,Credit Card,High
b3b7e1f5-6400-4fc9-ab20-bf3a795805cd,2024-02-22,Transport,Transport,22.16,debit,8744.760000000026,Uber,UPI,High
5c5ee1a5-cff5-4b1f-bb08-53a681d6da2e,2024-02-22,Transport,Transport,45.34,debit,8699.420000000026,Uber,Debit Card,High
9e412cc7-aac9-483d-8288-0abdda37533b,2024-02-22,Groceries,Groceries,45.71,debit,8653.710000000026,SuperMart,Credit Card,High
89038b23-9e01-4e5b-8ea6-8f9402c319fc,2024-02-23,Shopping,Shopping,80.73,debit,8572.980000000027,Amazon,Debit Card,High
14ad9c11-2b64-470e-ab06-e424faaa8738,2024-02-24,Transport,Transport,31.5,debit,8541.480000000027,Uber,UPI,High
f20db6fa-d1d3-4a30-8f4b-f3199f941765,2024-02-24,Groceries,Groceries,34.5,debit,8506.980000000027,SuperMart,Debit Card,High
f54569be-e3c7-4dcb-9589-f56128935f4d,2024-02-24,Dining,Dining,21.47,debit,8485.510000000028,Restaurant,Debit Card,High
1c5799da-8a7c-46fb-bcf1-daaa6d0ed807,2024-02-24,Groceries,Groceries,77.68,debit,8407.830000000027,SuperMart,Debit Card,High
087df7c9-439f-44ff-a375-b11bad0947d7,2024-02-25,Groceries,Groceries,122.39,debit,8285.440000000028,SuperMart,Credit Card,High
6b2587f7-e99e-4747-baa4-98aad3f3647c,2024-02-25,Groceries,Groceries,31.25,debit,8254.190000000028,SuperMart,UPI,High
8f911195-7d09-4c75-a4b3-d4d513c35452,2024-02-25,Groceries,Groceries,44.52,debit,8209.670000000027,SuperMart,UPI,High
ece2076d-9df1-4270-a208-c0d0e3681b65,2024-02-26,Transport,Transport,47.66,debit,8162.0100000000275,Uber,Debit Card,High
696e5736-597a-4063-955d-d4f7f85f5892,2024-02-26,Dining,Dining,38.57,debit,8123.440000000028,Restaurant,UPI,High
75b02a47-f9ce-4009-84b6-160b4a466eb4,2024-02-26,Dining,Dining,19.79,debit,8103.650000000028,Restaurant,Debit Card,High
2f671adc-ee68-4f85-bb6a-6d997d328a00,2024-02-26,Transport,Transport,59.77,debit,8043.880000000027,Uber,Credit Card,High
bcb34398-88f7-4bd2-97c8-ad6d22d7d580,2024-02-27,Shopping,Shopping,69.28,debit,7974.600000000028,Amazon,Debit Card,High
b35ffc27-9ea2-401c-928f-d4d38d9b6809,2024-02-27,Entertainment,Entertainment,260.85,debit,7713.750000000027,Cinema,Auto Debit,High
11eb83e9-ee3f-4238-8265-928e5717f095,2024-02-27,Groceries,Groceries,69.35,debit,7644.400000000027,SuperMart,Debit Card,High
7cff374d-bf84-4a9f-a62d-bbfad351ce58,2024-02-28,Transport,Transport,43.88,debit,7600.520000000027,Uber,UPI,High
38ba62d4-d198-4b25-91c7-d2671b95bcfc,2024-02-29,Shopping,Shopping,62.96,debit,7537.560000000027,Amazon,UPI,High
def32d97-d1ec-4b36-8023-3f949a0e24bb,2024-02-29,Dining,Dining,43.06,debit,7494.500000000026,Restaurant,Debit Card,High
588db876-2ce3-456c-992f-8834419f4c33,2024-02-29,Groceries,Groceries,59.17,debit,7435.330000000026,SuperMart,UPI,High
adccd102-98ef-4511-af01-0bcd644ff82c,2024-03-01,Transport,Transport,38.6,debit,7396.730000000026,Uber,Credit Card,High
7c2f7670-ce23-4b8d-a661-b1a8272ec80d,2024-03-01,EMI,EMI,837.46,debit,6559.270000000026,Bank Loan,Auto Debit,High
aa9f6312-8693-49de-b30e-b151293cf195,2024-03-01,Transport,Transport,58.28,debit,6500.990000000026,Uber,Debit Card,High
b466d9ec-41f7-4427-9851-3d2893051cea,2024-03-01,Shopping,Shopping,63.11,debit,6437.8800000000265,Amazon,Debit Card,High
f63f37a4-9765-452b-a5f1-5149ee554a23,2024-03-01,Shopping,Shopping,29.45,debit,6408.430000000027,Amazon,Credit Card,High
9237a6bb-4735-417e-8957-9f6ea5a14a4c,2024-03-02,Groceries,Groceries,82.16,debit,6326.270000000027,SuperMart,UPI,High
3b6f5280-6d42-4e53-8c35-68b41dffeab5,2024-03-02,Unexpected Expense,Emergency,3394.0,debit,2932.270000000027,Emergency Vendor,Credit Card,High
b79b3f39-2c96-4dee-a72b-ea8bedc10272,2024-03-02,Shopping,Shopping,36.1,debit,2896.170000000027,Amazon,UPI,High
e2535191-3d47-49fc-affe-4ba29dc6f239,2024-03-03,Dining,Dining,21.52,debit,2874.650000000027,Restaurant,UPI,High
8f85bf6d-8965-4840-a9da-41d24fd4cf00,2024-03-03,Shopping,Shopping,46.45,debit,2828.200000000027,Amazon,Debit Card,High
42c34ec5-58e8-427f-ba3c-107d7a41679c,2024-03-04,Shopping,Shopping,56.69,debit,2771.510000000027,Amazon,UPI,High
6516062b-c5fb-4608-850c-d217eff90081,2024-03-04,Dining,Dining,23.89,debit,2747.620000000027,Restaurant,UPI,High
f005a8c0-6a42-4fc9-aa4c-e0c2de2fa462,2024-03-04,Shopping,Shopping,39.82,debit,2707.800000000027,Amazon,Debit Card,High
ec3d038e-2831-4784-8a4f-930630feed0f,2024-03-04,Transport,Transport,39.27,debit,2668.530000000027,Uber,UPI,High
abfe301e-c96f-4976-9a66-57fbfb4aee45,2024-03-05,Shopping,Shopping,64.0,debit,2604.530000000027,Amazon,UPI,High
f75fc9c9-a723-4f05-b1a4-7ffe6f364b17,2024-03-05,Entertainment,Entertainment,261.71,debit,2342.820000000027,Cinema,Auto Debit,High
6889aec5-8bdc-47d2-bccb-d98f601eab3e,2024-03-05,Groceries,Groceries,49.52,debit,2293.300000000027,SuperMart,Debit Card,High
82720e3d-6c57-4d0e-ab2e-765e784b50a6,2024-03-05,Groceries,Groceries,13.07,debit,2280.230000000027,SuperMart,Debit Card,High
e32b4d52-dfcf-483f-b078-d4876a3f8577,2024-03-05,Transport,Transport,40.45,debit,2239.780000000027,Uber,UPI,High
762bf20e-4502-427a-a379-ae28b2f6faeb,2024-03-05,Monthly Salary,Income,6000.0,credit,8239.780000000028,Employer Inc.,Bank Transfer,High
5ef5537b-c0a5-40b3-a0d3-42b47e0636bb,2024-03-07,Transport,Transport,19.07,debit,8220.710000000028,Uber,Credit Card,High
27d9c4aa-2377-4b0a-b819-5ecefaf831de,2024-03-07,Transport,Transport,37.76,debit,8182.950000000028,Uber,UPI,High
4a4928c5-0977-45b2-9825-697a475877d7,2024-03-07,Transport,Transport,54.09,debit,8128.860000000028,Uber,Credit Card,High
5b226fcd-fdb1-4d71-a7c8-a8362b2bcd79,2024-03-07,Dining,Dining,40.68,debit,8088.180000000028,Restaurant,UPI,High
42698690-2533-4d31-a4e9-739bd8b20dbf,2024-03-07,Dining,Dining,72.35,debit,8015.830000000027,Restaurant,Credit Card,High
74c02c17-1bf5-431f-a63b-1b08692d40d9,2024-03-07,Dining,Dining,58.97,debit,7956.860000000027,Restaurant,Debit Card,High
dddc3773-0d84-4e29-b5a3-60c7801e3e09,2024-03-08,Performance Bonus,Income,1329.0,credit,9285.860000000026,Employer Inc.,Bank Transfer,High
dc2e5c1f-25a3-4bfd-81f1-d8b60bef2c4f,2024-03-08,Transport,Transport,23.62,debit,9262.240000000025,Uber,Credit Card,High
e2964908-8e50-4479-93bf-3c41ad1e8723,2024-03-09,Shopping,Shopping,29.65,debit,9232.590000000026,Amazon,Credit Card,High
9bfdf20a-1b38-438a-bd2b-bbb0cfa8a4c0,2024-03-09,Transport,Transport,24.47,debit,9208.120000000026,Uber,Credit Card,High
0c4cb449-7f6f-4eea-b28c-b40c76652b0d,2024-03-11,Transport,Transport,24.38,debit,9183.740000000027,Uber,Credit Card,High
ee4b3bdb-7751-428d-9bfb-f95cf85edea5,2024-03-12,Dining,Dining,17.23,debit,9166.510000000028,Restaurant,Credit Card,High
4071212f-6620-40f3-be00-31e0667c1ec5,2024-03-12,Dining,Dining,71.67,debit,9094.840000000027,Restaurant,UPI,High
7818f32b-c013-4869-927f-31fb39d1e84d,2024-03-12,Utilities,Utilities,261.71,debit,8833.130000000028,City Utilities,Auto Debit,High
b84220e0-1702-4e78-b099-58c7921d930c,2024-03-13,Dining,Dining,45.8,debit,8787.330000000029,Restaurant,Debit Card,High
ab0fbaa2-cdb3-4d9f-b958-02c9cd89794f,2024-03-14,Shopping,Shopping,28.49,debit,8758.84000000003,Amazon,UPI,High
eed63878-7d9c-4f56-aef0-28e4bb8fd439,2024-03-14,Groceries,Groceries,113.21,debit,8645.63000000003,SuperMart,UPI,High
c1c23126-5b26-4548-bc23-b296a776873b,2024-03-15,Shopping,Shopping,52.28,debit,8593.35000000003,Amazon,Debit Card,High
f9a228fb-fc48-4436-a056-dada9b31f0bd,2024-03-15,Groceries,Groceries,30.98,debit,8562.37000000003,SuperMart,Debit Card,High
0649158d-6227-478c-9ecd-cc0be994fe7f,2024-03-15,Healthcare,Healthcare,157.02,debit,8405.35000000003,Pharmacy,Auto Debit,High
ea3ef0fe-1165-4fed-a410-9c3a283ff9c4,2024-03-15,Dining,Dining,32.95,debit,8372.400000000029,Restaurant,Credit Card,High
5d94d47f-3a79-4278-815b-eed37fd06c57,2024-03-17,Shopping,Shopping,66.85,debit,8305.550000000028,Amazon,Credit Card,High
8f423899-4c77-4e79-9b89-36f356da9ed7,2024-03-17,Shopping,Shopping,23.6,debit,8281.950000000028,Amazon,Debit Card,High
7d4d2e92-27d1-4934-8565-fad847d1a721,2024-03-17,Shopping,Shopping,71.81,debit,8210.140000000029,Amazon,UPI,High
1fb47d98-b257-486a-9386-38cb03252fd9,2024-03-18,Rent,Rent,2240.2,debit,5969.940000000029,Landlord,Auto Debit,High
eeff07bc-b092-4372-8880-30badffe40bb,2024-03-19,Shopping,Shopping,20.33,debit,5949.610000000029,Amazon,Debit Card,High
4d066b03-ab61-4d6c-9b60-b757352638f9,2024-03-20,Groceries,Groceries,78.25,debit,5871.360000000029,SuperMart,Debit Card,High
084d12a5-cc15-4709-bc24-77d13998d259,2024-03-21,Groceries,Groceries,39.99,debit,5831.370000000029,SuperMart,Credit Card,High
0d15894f-ca95-476a-98e4-a3c4ba11a65e,2024-03-21,Dining,Dining,42.43,debit,5788.940000000029,Restaurant,UPI,High
30788bbc-4296-4772-a5cb-9de5ae4897b6,2024-03-21,Insurance,Insurance,314.05,debit,5474.8900000000285,Insurance Co.,Auto Debit,High
8b8d39d8-0946-413f-bae1-a982a586784a,2024-03-22,Groceries,Groceries,77.41,debit,5397.480000000029,SuperMart,UPI,High
83ee1249-0f15-487f-be5a-68fbdbc1b465,2024-03-23,Groceries,Groceries,58.72,debit,5338.760000000028,SuperMart,UPI,High
aae64e14-b018-4b7b-8027-19f46b4efdd4,2024-03-24,Groceries,Groceries,104.51,debit,5234.250000000028,SuperMart,UPI,High
a738652f-15bc-4d3a-a9d1-580e12773fee,2024-03-26,Shopping,Shopping,17.86,debit,5216.3900000000285,Amazon,Credit Card,High
ccce712d-7546-42bf-bebf-9972a4f2ab0c,2024-03-26,Transport,Transport,17.36,debit,5199.030000000029,Uber,UPI,High
f5a1d6c9-c910-4136-838e-951d32a413da,2024-03-26,Transport,Transport,43.45,debit,5155.580000000029,Uber,Debit Card,High
8cce8cf3-c7ca-4a47-8f12-615644f7b539,2024-03-26,Shopping,Shopping,80.69,debit,5074.890000000029,Amazon,UPI,High
2fe0dfd8-0d5b-4879-92c0-06249a6278db,2024-03-26,Transport,Transport,10.97,debit,5063.920000000029,Uber,UPI,High
090866d0-b8cc-4333-8122-cbd52b6799ea,2024-03-27,Transport,Transport,61.99,debit,5001.930000000029,Uber,UPI,High
3d5fb393-644d-44fb-bb7c-37c66a19461b,2024-03-27,Groceries,Groceries,53.9,debit,4948.03000000003,SuperMart,Debit Card,High
7260fa3d-9594-4e3d-8093-ff707cc30338,2024-03-28,Transport,Transport,16.22,debit,4931.8100000000295,Uber,Credit Card,High
964e0bc8-1474-4fe4-b6ff-44c3e0a413ae,2024-03-28,Dining,Dining,64.49,debit,4867.32000000003,Restaurant,Debit Card,High
d4b039b9-9377-4d17-a471-fd167fdca929,2024-03-28,Transport,Transport,44.4,debit,4822.92000000003,Uber,Credit Card,High
5b462ab1-dab0-44ec-ae4c-2510603e5072,2024-03-29,Dining,Dining,59.34,debit,4763.58000000003,Restaurant,UPI,High
80865847-7d8d-4e43-aac2-6250f5dcd6ad,2024-03-29,Freelance Project,Side Income,650.0,credit,5413.58000000003,Client Payment,Bank Transfer,High
b36b0bfe-4b6b-413b-9baa-2f32c796cdaa,2024-03-31,Dining,Dining,39.81,debit,5373.7700000000295,Restaurant,Debit Card,High
bbe14c7c-6e12-425e-a5ac-7e241fde4a8c,2024-03-31,Shopping,Shopping,41.12,debit,5332.65000000003,Amazon,UPI,High
37d1acf3-6835-4718-bfed-b844eb6b69a1,2024-03-31,Groceries,Groceries,40.99,debit,5291.66000000003,SuperMart,Debit Card,High
d84bfbdb-f9a5-4153-ac2d-80e44c6006f3,2024-03-31,Subscriptions,Subscriptions,62.81,debit,5228.8500000000295,Streaming Service,Auto Debit,High
f9866bae-98ec-4d09-9453-0cf2f672d553,2024-04-02,Transport,Transport,44.28,debit,5184.57000000003,Uber,Debit Card,High
9b9cef9d-b52b-499d-a97f-adad362fef32,2024-04-03,Dining,Dining,18.69,debit,5165.88000000003,Restaurant,Debit Card,High
d1106246-9f3d-4f05-9aa5-3ed1825d1843,2024-04-03,Dining,Dining,15.82,debit,5150.06000000003,Restaurant,Credit Card,High
35bfcbcc-7da2-4df9-83de-e650f0a06992,2024-04-03,Groceries,Groceries,120.15,debit,5029.910000000031,SuperMart,Credit Card,High
aa5b0cf9-f024-4ac9-9cd1-ff13bd162917,2024-04-04,Utilities,Utilities,262.56,debit,4767.35000000003,City Utilities,Auto Debit,High
086aa54a-81d1-441c-b783-79f5dc3cbd55,2024-04-04,Dining,Dining,58.97,debit,4708.38000000003,Restaurant,UPI,High
9d32eca5-8749-4019-9454-2afd902d4f96,2024-04-04,Transport,Transport,46.61,debit,4661.77000000003,Uber,UPI,High
3dfa209b-423a-4c42-a46a-76bded74b9c0,2024-04-04,Groceries,Groceries,93.72,debit,4568.05000000003,SuperMart,Debit Card,High
cda76e2a-3b2f-4e6c-87f2-e000275ca80a,2024-04-05,Groceries,Groceries,120.7,debit,4447.35000000003,SuperMart,Credit Card,High
20eb262a-1812-4dbc-a6b3-8425979c1a12,2024-04-05,Groceries,Groceries,25.66,debit,4421.6900000000305,SuperMart,Debit Card,High
6a66f844-1e0d-4e70-9f1e-4c98ae5560da,2024-04-05,Monthly Salary,Income,6000.0,credit,10421.690000000031,Employer Inc.,Bank Transfer,High
87e3a061-a5a4-412f-8777-6c571f9f9c87,2024-04-05,Dining,Dining,47.49,debit,10374.200000000032,Restaurant,UPI,High
b96bf1fe-0eea-4eab-82ca-fd83f632d0ef,2024-04-07,Transport,Transport,12.34,debit,10361.860000000032,Uber,Credit Card,High
6a66f0ea-6264-48b1-9571-9611205858f7,2024-04-08,Entertainment,Entertainment,262.56,debit,10099.300000000032,Cinema,Auto Debit,High
5db82fd5-1995-406c-8181-1eb3d9554a3f,2024-04-09,Dining,Dining,27.29,debit,10072.010000000031,Restaurant,Debit Card,High
4d4bf17a-2f92-4492-b691-54280873c3ce,2024-04-11,Dining,Dining,54.13,debit,10017.880000000032,Restaurant,UPI,High
7818a3b5-800c-4ec4-ba40-e84484550bbd,2024-04-11,Dining,Dining,60.78,debit,9957.100000000031,Restaurant,Debit Card,High
76a466b3-f0f9-4e13-8d43-ba58bda1b443,2024-04-11,Groceries,Groceries,56.02,debit,9901.08000000003,SuperMart,UPI,High
f3386ca7-1957-44a1-b678-239db33cf719,2024-04-12,Shopping,Shopping,52.04,debit,9849.04000000003,Amazon,UPI,High
ce015607-42f2-4157-bf7b-32cca3d7fce6,2024-04-12,Transport,Transport,12.74,debit,9836.30000000003,Uber,Credit Card,High
a9f60325-712c-40c7-afad-b58182582cf0,2024-04-12,Shopping,Shopping,77.76,debit,9758.54000000003,Amazon,Credit Card,High
f41731d4-9515-4970-b3dd-77122fd15386,2024-04-13,Dining,Dining,25.65,debit,9732.89000000003,Restaurant,Debit Card,High
54f90848-476c-4642-a16e-05646f9f27f0,2024-04-13,Groceries,Groceries,28.8,debit,9704.090000000031,SuperMart,UPI,High
e471995a-6088-4e18-8695-6b05105edfaf,2024-04-14,Groceries,Groceries,116.23,debit,9587.860000000032,SuperMart,UPI,High
95b1deea-6293-4688-acd6-162c0ca14c19,2024-04-14,Dining,Dining,56.25,debit,9531.610000000032,Restaurant,Debit Card,High
71104f86-2872-43e8-89fc-cb9e76e49ef4,2024-04-14,Transport,Transport,48.39,debit,9483.220000000032,Uber,Debit Card,High
9acabaee-86d7-46e1-8eb9-744a9e9c366b,2024-04-14,Dining,Dining,53.73,debit,9429.490000000033,Restaurant,Debit Card,High
a733b5f9-c7d1-4924-9c54-6443e30fb9ff,2024-04-15,Groceries,Groceries,108.21,debit,9321.280000000033,SuperMart,UPI,High
2d1bbfaf-e909-446e-9d23-0104529d0615,2024-04-16,Rent,Rent,2247.53,debit,7073.750000000033,Landlord,Auto Debit,High
645f4273-39dd-4427-8cd9-3d2167e056b8,2024-04-17,Groceries,Groceries,107.64,debit,6966.110000000032,SuperMart,Debit Card,High
08324eda-30df-4b43-94e3-df91cc7b9af5,2024-04-18,Transport,Transport,43.87,debit,6922.2400000000325,Uber,Debit Card,High
8059c03e-5beb-466a-8baf-a85a067b5010,2024-04-18,Transport,Transport,60.8,debit,6861.440000000032,Uber,Credit Card,High
5e8983ca-e810-461b-a645-4f867e0f76ef,2024-04-18,EMI,EMI,840.2,debit,6021.2400000000325,Bank Loan,Auto Debit,High
ec35f906-6e2e-4a8b-b4d8-a4bb59b93379,2024-04-19,Groceries,Groceries,41.32,debit,5979.920000000033,SuperMart,UPI,High
0d4159c6-2f37-4824-96dd-f2a0f2d71d05,2024-04-19,Transport,Transport,45.52,debit,5934.400000000032,Uber,UPI,High
2321fa7d-75c9-4731-bfcf-14e840f6a0ab,2024-04-19,Shopping,Shopping,61.62,debit,5872.7800000000325,Amazon,Credit Card,High
73fe6048-e136-4646-9ff4-92eb161c91ca,2024-04-19,Transport,Transport,50.21,debit,5822.570000000032,Uber,UPI,High
9af89a32-69ed-4ab0-aaab-28a68499be86,2024-04-20,Groceries,Groceries,66.13,debit,5756.440000000032,SuperMart,UPI,High
8aa0c486-97bc-48b6-9009-8db9da32e0ab,2024-04-20,Groceries,Groceries,120.84,debit,5635.600000000032,SuperMart,Debit Card,High
6ed91654-f6f0-46d4-a2c6-fe4d7ccfa98f,2024-04-20,Transport,Transport,46.75,debit,5588.850000000032,Uber,Debit Card,High
a7a037f0-cb7b-4dcf-8b1b-b61ecfe0b675,2024-04-20,Healthcare,Healthcare,157.54,debit,5431.310000000032,Pharmacy,Auto Debit,High
e2ca3879-d608-4abb-8dc1-9816a48e601a,2024-04-21,Dining,Dining,16.77,debit,5414.540000000032,Restaurant,UPI,High
dce61cc8-3009-46cd-97cf-5f3725c76637,2024-04-21,Subscriptions,Subscriptions,63.01,debit,5351.530000000032,Streaming Service,Auto Debit,High
fc249fa4-69c0-415e-b318-0ea44cbaec60,2024-04-22,Insurance,Insurance,315.07,debit,5036.460000000032,Insurance Co.,Auto Debit,High
660e72f3-af59-43ee-8afb-5ce46d9e3994,2024-04-22,Transport,Transport,41.19,debit,4995.270000000032,Uber,Debit Card,High
11513346-1a68-4cbe-ad09-1726fc0e7ac5,2024-04-22,Transport,Transport,50.24,debit,4945.0300000000325,Uber,Credit Card,High
e00b01f6-7635-4480-ac30-a93b57cab5be,2024-04-23,Groceries,Groceries,80.83,debit,4864.200000000033,SuperMart,Debit Card,High
15af4391-c0ea-4187-affe-3efea843f2c0,2024-04-23,Groceries,Groceries,72.64,debit,4791.560000000032,SuperMart,Debit Card,High
f45b7045-3a24-47b8-b6fe-d8afcc6c0dd1,2024-04-24,Dining,Dining,14.77,debit,4776.790000000032,Restaurant,Credit Card,High
c6cf11f8-059f-49c8-9513-f23d95ab066b,2024-04-24,Dining,Dining,62.03,debit,4714.760000000032,Restaurant,Credit Card,High
c17af9a7-a293-4d71-a68c-b23b83b934bb,2024-04-24,Transport,Transport,37.64,debit,4677.120000000032,Uber,Debit Card,High
523646d1-d24e-4a18-8cdf-5c2b12d3f38d,2024-04-25,Shopping,Shopping,12.51,debit,4664.6100000000315,Amazon,Debit Card,High
d7c2f638-36c9-41f6-98bf-ad0bb40ca6b9,2024-04-25,Transport,Transport,61.99,debit,4602.620000000032,Uber,Debit Card,High
8785e8d2-8757-40d1-8892-1919f0d10905,2024-04-25,Shopping,Shopping,81.88,debit,4520.740000000032,Amazon,UPI,High
d3fbe1cb-588f-489c-a63a-0ce42cd0f3fb,2024-04-26,Shopping,Shopping,32.01,debit,4488.730000000031,Amazon,Debit Card,High
790a455e-4d0f-4a1f-95c3-55d4266f590b,2024-04-26,Transport,Transport,14.6,debit,4474.130000000031,Uber,Credit Card,High
0f8594ac-9b46-492f-8d8c-af2cc49f3038,2024-04-26,Dining,Dining,31.23,debit,4442.9000000000315,Restaurant,UPI,High
45684767-f8c8-498e-a7e0-9d64988ac221,2024-04-27,Dining,Dining,68.27,debit,4374.630000000031,Restaurant,Credit Card,High
5bf2af14-0298-4ab8-98db-9b02bbe3e2e9,2024-04-27,Dining,Dining,37.62,debit,4337.010000000031,Restaurant,Debit Card,High
80b969c6-509d-413d-ab17-9a83ac91a6e6,2024-04-28,Transport,Transport,57.89,debit,4279.120000000031,Uber,UPI,High
4e17e47b-6f96-4712-bf2e-17e8fa0188d0,2024-04-28,Transport,Transport,43.78,debit,4235.340000000031,Uber,UPI,High
fe0b1fca-f5eb-49fc-8eae-265685006a5c,2024-04-28,Shopping,Shopping,78.42,debit,4156.920000000031,Amazon,UPI,High
843fbf1d-67b0-417c-841b-e5d14809fa7a,2024-04-28,Groceries,Groceries,60.73,debit,4096.190000000031,SuperMart,Debit Card,High
96dc20c7-83e1-4d81-907a-b2b3d1ddf015,2024-04-28,Shopping,Shopping,23.37,debit,4072.8200000000315,Amazon,Credit Card,High
a759e496-64e9-440a-b1b4-80df51d5f7c6,2024-04-29,Dining,Dining,41.47,debit,4031.3500000000317,Restaurant,Credit Card,High
8dd0ed31-6c29-4aa4-9a5d-8bbe3743e528,2024-04-30,Dining,Dining,32.93,debit,3998.420000000032,Restaurant,Debit Card,High
2a10938a-590a-4825-876d-c6a4face4c9d,2024-05-01,Shopping,Shopping,18.21,debit,3980.210000000032,Amazon,Credit Card,High
5b703fed-5a73-444e-9f13-16d592972e7e,2024-05-01,Rent,Rent,2254.89,debit,1725.320000000032,Landlord,Auto Debit,High
0246197f-1f72-4f8b-8384-fb915ab5f7d1,2024-05-02,Transport,Transport,37.81,debit,1687.510000000032,Uber,Credit Card,High
4c3f3d14-0ad5-4430-b108-29f12be0c361,2024-05-02,Dining,Dining,43.72,debit,1643.790000000032,Restaurant,UPI,High
b201f318-4e9f-4243-b493-cc4ed01414ba,2024-05-02,Entertainment,Entertainment,263.42,debit,1380.370000000032,Cinema,Auto Debit,High
02ee3d7b-6b41-4308-9fe3-caf603dc979b,2024-05-03,Groceries,Groceries,103.62,debit,1276.7500000000318,SuperMart,UPI,High
9c9efa8f-6d40-4e73-a7c0-770b8f046c0e,2024-05-03,Dining,Dining,69.87,debit,1206.880000000032,Restaurant,Debit Card,High
b91c60cd-54f8-4485-812d-038a9edaaf89,2024-05-04,Transport,Transport,35.53,debit,1171.350000000032,Uber,Debit Card,High
4cf3034b-d5fc-4c4d-8c96-20e62633320f,2024-05-04,Shopping,Shopping,13.13,debit,1158.2200000000319,Amazon,Credit Card,High
136e3a58-0929-48ad-a289-e405398bfa58,2024-05-05,Monthly Salary,Income,6000.0,credit,7158.220000000032,Employer Inc.,Bank Transfer,High
f6964ba2-b250-4844-8c5d-46ee1d3f6e85,2024-05-05,Groceries,Groceries,57.1,debit,7101.120000000032,SuperMart,UPI,High
804169c1-aabd-4a63-a498-91bcb3b8e468,2024-05-05,Healthcare,Healthcare,158.05,debit,6943.0700000000315,Pharmacy,Auto Debit,High
26810259-af15-413b-b3f0-387edf00cba2,2024-05-05,Dining,Dining,11.36,debit,6931.710000000032,Restaurant,Credit Card,High
15316ffd-1116-42ed-8b62-03c6e49a094f,2024-05-06,Groceries,Groceries,85.71,debit,6846.000000000032,SuperMart,Debit Card,High
861dfd9e-69de-403a-b53b-c96eb521eeef,2024-05-06,Groceries,Groceries,113.05,debit,6732.950000000032,SuperMart,Credit Card,High
2cb3af8a-e8b7-4949-8e95-bfd319bb7e52,2024-05-07,Transport,Transport,12.0,debit,6720.950000000032,Uber,UPI,High
0bb2b450-081e-4671-bc5e-a3a44b556630,2024-05-09,Groceries,Groceries,85.05,debit,6635.9000000000315,SuperMart,Credit Card,High
f4f58c1a-6e79-485f-b606-7b59b8705408,2024-05-10,Shopping,Shopping,36.35,debit,6599.550000000031,Amazon,Credit Card,High
e979325f-2b5e-4c04-ba8c-a79631ac28af,2024-05-10,Transport,Transport,24.46,debit,6575.090000000031,Uber,UPI,High
bdb62044-5b8d-40c4-9b0c-e35bda951819,2024-05-10,Shopping,Shopping,27.36,debit,6547.730000000031,Amazon,Debit Card,High
753a60bd-506a-457f-bc8c-781cd46077e5,2024-05-11,Dining,Dining,49.91,debit,6497.8200000000315,Restaurant,Credit Card,High
20089915-68c2-4313-b3e5-06cd39dd0b97,2024-05-12,Groceries,Groceries,66.02,debit,6431.800000000031,SuperMart,Credit Card,High
034d38b5-fb41-4107-a130-b42837b35a42,2024-05-12,Dining,Dining,66.49,debit,6365.310000000031,Restaurant,Debit Card,High
234a8c6d-4383-4792-bd86-e64c11a18a40,2024-05-13,Groceries,Groceries,61.35,debit,6303.960000000031,SuperMart,Credit Card,High
398c9ffd-de79-4628-9296-ef47f9a1559b,2024-05-13,Transport,Transport,48.97,debit,6254.990000000031,Uber,UPI,High
ca4a9137-d195-4304-a022-6ed071a5cdb0,2024-05-13,Utilities,Utilities,263.42,debit,5991.570000000031,City Utilities,Auto Debit,High
0d10e6c3-b385-4e4b-96da-9d750bbfb68a,2024-05-13,Insurance,Insurance,316.11,debit,5675.460000000031,Insurance Co.,Auto Debit,High
92a30a63-b4bb-4708-80d5-93b81189889d,2024-05-14,Dining,Dining,73.63,debit,5601.830000000031,Restaurant,Debit Card,High
c4e2a8a5-7176-4fef-8a7b-a6aa8530cf2b,2024-05-14,Transport,Transport,14.71,debit,5587.120000000031,Uber,Debit Card,High
f09acd92-b7a9-4b85-9d9a-f7fedbaa5850,2024-05-14,Transport,Transport,40.91,debit,5546.210000000031,Uber,Credit Card,High
294972a4-87fc-42fd-8bf3-85962391e70d,2024-05-14,Dining,Dining,30.32,debit,5515.890000000031,Restaurant,Debit Card,High
a269b15e-3fa1-42a4-a56e-d5ac76605dc2,2024-05-14,Shopping,Shopping,83.38,debit,5432.510000000031,Amazon,Credit Card,High
714e9d30-b301-493a-8c49-4e5ffdc2ecd6,2024-05-15,Dining,Dining,60.93,debit,5371.580000000031,Restaurant,UPI,High
ef9824c7-b0b1-4711-aee8-d260046efaf4,2024-05-16,Transport,Transport,14.88,debit,5356.700000000031,Uber,UPI,High
a72b671d-c77a-4350-a9ee-f14a98db649a,2024-05-16,Shopping,Shopping,11.33,debit,5345.370000000031,Amazon,UPI,High
38712374-5ec5-484a-8594-4b41313c52c6,2024-05-17,Groceries,Groceries,72.69,debit,5272.680000000031,SuperMart,Credit Card,High
c090c548-f108-4845-830c-969c344e2e42,2024-05-18,Subscriptions,Subscriptions,63.22,debit,5209.460000000031,Streaming Service,Auto Debit,High
01d562cb-a28c-4d28-889a-9d935b46a99a,2024-05-19,Groceries,Groceries,71.75,debit,5137.710000000031,SuperMart,UPI,High
109864ad-8eaa-434b-a1c6-3c626057c1a2,2024-05-20,Transport,Transport,12.8,debit,5124.910000000031,Uber,Debit Card,High
5e329867-7abf-4a20-a096-e737073e0b41,2024-05-20,Groceries,Groceries,63.0,debit,5061.910000000031,SuperMart,UPI,High
7a4bd3e0-4596-47e3-ae27-c6b9972b286e,2024-05-20,Dining,Dining,11.56,debit,5050.35000000003,Restaurant,Credit Card,High
89ac3a37-9f70-4e93-b062-1cdd531f2cd2,2024-05-21,Groceries,Groceries,76.65,debit,4973.700000000031,SuperMart,Credit Card,High
48298fdf-08a7-4acd-9b43-f8678abe3702,2024-05-22,Transport,Transport,31.2,debit,4942.500000000031,Uber,UPI,High
387896e6-16f9-41a1-8d0e-e48010c75077,2024-05-22,Transport,Transport,27.9,debit,4914.600000000031,Uber,Debit Card,High
29683fd3-4c8e-4eee-a4d2-dec16c3f9fde,2024-05-23,Groceries,Groceries,52.47,debit,4862.130000000031,SuperMart,Debit Card,High
7b10bee0-bb7e-428e-8f44-e16698bff860,2024-05-23,EMI,EMI,842.95,debit,4019.180000000031,Bank Loan,Auto Debit,High
b49ec9a5-83f3-45b8-aeaf-dc6cd4007b38,2024-05-24,Dining,Dining,49.27,debit,3969.9100000000312,Restaurant,Debit Card,High
fc23afe6-e28c-4911-b99b-f9905baf3767,2024-05-25,Shopping,Shopping,31.34,debit,3938.570000000031,Amazon,Credit Card,High
69030a71-2c86-4611-9b28-6cae2e32e203,2024-05-25,Shopping,Shopping,32.01,debit,3906.560000000031,Amazon,Debit Card,High
510914f4-cb2f-429e-9b33-627f621ea517,2024-05-25,Dining,Dining,65.77,debit,3840.790000000031,Restaurant,UPI,High
1f40d67a-ceb8-438f-9900-d726f15e335d,2024-05-25,Dining,Dining,24.85,debit,3815.940000000031,Restaurant,UPI,High
62493de8-c17f-4663-ad21-5b59406cc0b0,2024-05-27,Groceries,Groceries,70.83,debit,3745.110000000031,SuperMart,UPI,High
d96d0d90-2eef-4381-933f-ce988293cfc9,2024-05-29,Dining,Dining,65.48,debit,3679.630000000031,Restaurant,Credit Card,High
8135832c-e071-480b-9001-bfcca5bdc7ee,2024-05-30,Groceries,Groceries,75.29,debit,3604.340000000031,SuperMart,Debit Card,High
cf05085f-729f-4c22-9ea3-600e1bdf69a7,2024-06-01,Groceries,Groceries,33.6,debit,3570.740000000031,SuperMart,Debit Card,High
b36ed283-d685-41c2-a552-7079206aaa68,2024-06-02,Insurance,Insurance,357.79,debit,3212.950000000031,Insurance Co.,Auto Debit,High
a6395dce-bb73-4c09-bc38-ac3fc7de70e0,2024-06-02,Healthcare,Healthcare,183.96,debit,3028.990000000031,Pharmacy,Auto Debit,High
33ff3288-b8b4-41fb-bdef-a08e14aceb93,2024-06-02,Groceries,Groceries,96.66,debit,2932.3300000000313,SuperMart,Debit Card,High
3b864125-6640-42bb-9fb1-ce0a53426059,2024-06-03,Transport,Transport,23.79,debit,2908.5400000000313,Uber,UPI,High
6af07844-673e-4dcf-a9b8-7b15657b0981,2024-06-03,Dining,Dining,25.2,debit,2883.3400000000315,Restaurant,Debit Card,High
46ddc2e5-087b-4ec5-8952-6bcb2f4509f3,2024-06-03,Entertainment,Entertainment,303.47,debit,2579.8700000000317,Cinema,Auto Debit,High
a77c7afc-bde1-45d9-a2a2-4f57b85ddc46,2024-06-03,Groceries,Groceries,143.47,debit,2436.400000000032,SuperMart,Debit Card,High
9dc70f98-d8e0-4fe8-8a3a-2cfd2a448c30,2024-06-03,Shopping,Shopping,56.65,debit,2379.750000000032,Amazon,Debit Card,High
797da17c-88a6-4013-8190-ce898d09ccbc,2024-06-05,Transport,Transport,64.74,debit,2315.010000000032,Uber,Debit Card,High
a14ad108-94e5-4e0c-8540-5e68f3d1d7cc,2024-06-05,Monthly Salary,Income,6000.0,credit,8315.010000000031,Employer Inc.,Bank Transfer,High
f822526c-f134-435b-8121-e31066e2a2d2,2024-06-06,Shopping,Shopping,34.14,debit,8280.870000000032,Amazon,UPI,High
84e8d65f-367a-4b60-beb2-c9681bc633d6,2024-06-07,Transport,Transport,45.73,debit,8235.140000000032,Uber,Debit Card,High
d79adbd9-1ae0-4af8-a112-6c9e840998ce,2024-06-07,Transport,Transport,68.86,debit,8166.2800000000325,Uber,Credit Card,High
cac7b430-2841-4a33-a5b2-43d4c2b40fa3,2024-06-08,Transport,Transport,17.98,debit,8148.300000000033,Uber,Credit Card,High
2a50ea71-1e4a-420f-a14c-fe6c43189828,2024-06-08,Dining,Dining,51.96,debit,8096.340000000033,Restaurant,Debit Card,High
0cecb316-1165-44e2-a516-6cccdefe5eea,2024-06-08,Transport,Transport,60.25,debit,8036.090000000033,Uber,Debit Card,High
19eb4390-e1f7-4ca8-a91a-19c9d079ed2e,2024-06-08,Rent,Rent,2449.45,debit,5586.640000000033,Landlord,Auto Debit,High
ce2f7313-2a30-4b67-9735-c0c9596be9fb,2024-06-10,Dining,Dining,36.99,debit,5549.650000000033,Restaurant,Credit Card,High
6b71c439-6bb9-409b-9266-464e406aad21,2024-06-11,Dining,Dining,77.26,debit,5472.390000000033,Restaurant,Credit Card,High
5e2135c1-0ba3-4986-91ef-9e49774aad9c,2024-06-11,Shopping,Shopping,95.06,debit,5377.330000000033,Amazon,Credit Card,High
f8dac6de-9945-4cf0-ae80-e584d4db25d2,2024-06-12,Shopping,Shopping,66.8,debit,5310.5300000000325,Amazon,UPI,High
4742d6b3-4432-44be-8fb9-fdca15899dab,2024-06-12,Transport,Transport,15.64,debit,5294.890000000032,Uber,UPI,High
24a430a7-8f29-41b5-9071-3c10f4b4ab19,2024-06-12,Subscriptions,Subscriptions,74.86,debit,5220.0300000000325,Streaming Service,Auto Debit,High
72820b93-23e6-4821-a3e2-4f460861b805,2024-06-13,Transport,Transport,52.87,debit,5167.160000000033,Uber,Debit Card,High
f42e2c93-395f-46a9-a8e8-3174b8e3d0da,2024-06-13,Dining,Dining,12.58,debit,5154.580000000033,Restaurant,Credit Card,High
0f9be23b-54e0-4d17-a3d7-5edaf61664ed,2024-06-14,Utilities,Utilities,297.82,debit,4856.760000000033,City Utilities,Auto Debit,High
fee6dee4-c7e2-45e9-b312-cc2aceb63db7,2024-06-15,Shopping,Shopping,14.19,debit,4842.570000000033,Amazon,UPI,High
8014d6f2-f6ff-4544-bcb8-399c359a3693,2024-06-15,Shopping,Shopping,15.28,debit,4827.290000000034,Amazon,Credit Card,High
403c09cf-7a48-459d-8721-e85ef6b5d72d,2024-06-15,Shopping,Shopping,84.16,debit,4743.130000000034,Amazon,Debit Card,High
56af79b0-7b0e-4a13-8113-89321e4cf2e5,2024-06-15,Dining,Dining,66.26,debit,4676.8700000000335,Restaurant,UPI,High
2d669df3-ffb4-499d-89e5-a6f4cf201f9a,2024-06-16,Shopping,Shopping,31.67,debit,4645.2000000000335,Amazon,Debit Card,High
8af67a12-8cf6-438c-b7ec-2bd1bfeaed72,2024-06-16,Shopping,Shopping,85.74,debit,4559.460000000034,Amazon,Debit Card,High
b3f3831f-e9aa-416a-980a-43de407ccf33,2024-06-17,Transport,Transport,46.52,debit,4512.940000000033,Uber,UPI,High
b2d0ab0a-50fc-4d46-92b9-af47eb6a3912,2024-06-17,Transport,Transport,56.7,debit,4456.240000000033,Uber,Credit Card,High
56e81664-fce5-4ab1-9a3d-8f80988ac779,2024-06-17,Groceries,Groceries,22.63,debit,4433.610000000033,SuperMart,UPI,High
9b224112-b634-4f6f-86d8-9c83a674b10a,2024-06-19,Groceries,Groceries,143.18,debit,4290.430000000033,SuperMart,Debit Card,High
30171dfb-12fe-46ed-88f6-7b45d73f5f52,2024-06-19,Groceries,Groceries,101.78,debit,4188.650000000033,SuperMart,Debit Card,High
5a4827d7-cc81-45fa-80cd-11831b32d108,2024-06-19,Shopping,Shopping,59.01,debit,4129.640000000033,Amazon,Credit Card,High
670b4caf-cc68-4f20-86f3-7c06e145c485,2024-06-19,Transport,Transport,34.41,debit,4095.230000000033,Uber,Debit Card,High
a9fb71d4-a4a6-4103-9904-118dc951332b,2024-06-20,Transport,Transport,63.1,debit,4032.1300000000333,Uber,Credit Card,High
78cdb284-0deb-4f33-85c0-191b1ca75704,2024-06-20,Shopping,Shopping,19.39,debit,4012.7400000000334,Amazon,Debit Card,High
ceabeef5-d1a5-494c-b1c1-5b0774bf96fa,2024-06-21,Shopping,Shopping,54.27,debit,3958.4700000000335,Amazon,Debit Card,High
e52e0e8c-d2f2-4890-ae74-765b20c17a62,2024-06-21,Shopping,Shopping,92.54,debit,3865.9300000000335,Amazon,UPI,High
1cfce7cb-6270-4ef1-9e6a-2621da75644e,2024-06-21,Transport,Transport,43.07,debit,3822.8600000000333,Uber,Credit Card,High
fabe4799-6579-4f34-be3b-ec0d9bc7cb57,2024-06-23,Groceries,Groceries,95.86,debit,3727.000000000033,SuperMart,UPI,High
6b4a5852-9360-4ce6-931e-8d3561e6a7dd,2024-06-24,Transport,Transport,19.48,debit,3707.520000000033,Uber,Debit Card,High
5af8202b-23c0-434f-ab4e-4c7c0bc43887,2024-06-25,Shopping,Shopping,10.44,debit,3697.080000000033,Amazon,UPI,High
63123f54-ddcd-470d-ac15-1d46b8c21f55,2024-06-25,Shopping,Shopping,69.68,debit,3627.4000000000333,Amazon,UPI,High
1f704711-bed5-4439-8f81-3edac79693f4,2024-06-25,Transport,Transport,23.82,debit,3603.580000000033,Uber,Credit Card,High
09aba78a-5243-4f92-ae1e-80adc873917c,2024-06-25,Transport,Transport,59.86,debit,3543.720000000033,Uber,UPI,High
6e48c30b-a1bb-4af6-acd9-b432300ed055,2024-06-26,Dining,Dining,68.05,debit,3475.670000000033,Restaurant,UPI,High
52893049-3f27-45b3-a264-f40d9f0081d5,2024-06-26,Groceries,Groceries,134.2,debit,3341.470000000033,SuperMart,Debit Card,High
63046346-e929-4ed2-b62a-52d8695044ec,2024-06-26,Shopping,Shopping,87.77,debit,3253.700000000033,Amazon,Debit Card,High
9a8b5ccd-f01c-4575-96b0-9805e68d2ac1,2024-06-27,Transport,Transport,26.36,debit,3227.340000000033,Uber,Credit Card,High
9decbfb5-0cda-4562-ad41-a67c45488c2a,2024-06-27,EMI,EMI,919.11,debit,2308.2300000000328,Bank Loan,Auto Debit,High
360beea1-b117-428b-9143-11575e60f95e,2024-06-27,Transport,Transport,64.05,debit,2244.1800000000326,Uber,UPI,High
d5a8620f-8083-4d66-ab2a-cd5dca6685a2,2024-06-27,Groceries,Groceries,68.99,debit,2175.190000000033,SuperMart,UPI,High
f142e81d-ad86-4804-aaf9-de1db624b7c6,2024-06-28,Groceries,Groceries,76.03,debit,2099.1600000000326,SuperMart,UPI,High
1f735f3c-cb9b-418e-9fb9-149054f4a546,2024-06-28,Groceries,Groceries,42.73,debit,2056.4300000000326,SuperMart,Debit Card,High
c2cd1e58-02ff-4acc-aac5-7cbd4f8f9e41,2024-06-28,Shopping,Shopping,86.74,debit,1969.6900000000326,Amazon,UPI,High
22f34a1e-253f-4f56-bb7f-8fe84777b7a5,2024-06-28,Dining,Dining,46.41,debit,1923.2800000000325,Restaurant,Credit Card,High
e4028e49-5170-4ee0-b53d-c105cf65e111,2024-06-30,Shopping,Shopping,55.69,debit,1867.5900000000324,Amazon,UPI,High
e068cba2-519f-46db-954a-c153c3718fa1,2024-06-30,Dining,Dining,54.25,debit,1813.3400000000324,Restaurant,Debit Card,High
cee5c782-99d5-4363-a907-ca50c0cbf547,2024-06-30,Groceries,Groceries,150.03,debit,1663.3100000000325,SuperMart,Credit Card,High
2a104a11-d41c-417c-bcae-ace0e7378b59,2024-07-01,Shopping,Shopping,56.27,debit,1607.0400000000325,Amazon,Debit Card,High
2bdab14e-2a4b-45e6-b330-1da6e9e34ed1,2024-07-02,Shopping,Shopping,89.84,debit,1517.2000000000326,Amazon,UPI,High
5f4ad625-002f-47ff-b09e-d53923eac302,2024-07-02,Dining,Dining,39.42,debit,1477.7800000000325,Restaurant,UPI,High
6c70f92c-5f39-41a3-8953-7314596c3367,2024-07-03,Rent,Rent,2620.61,debit,-1142.8299999999676,Landlord,Auto Debit,High
679ff338-3d07-4fd6-b7bd-b31cc7a0f252,2024-07-03,Shopping,Shopping,21.53,debit,-1164.3599999999676,Amazon,Debit Card,High
48653cb8-980b-460d-af3e-9118a68fb92a,2024-07-03,Shopping,Shopping,92.9,debit,-1257.2599999999677,Amazon,UPI,High
908690f0-ab30-49ed-8287-b060d9064e41,2024-07-03,Dining,Dining,66.54,debit,-1323.7999999999677,Restaurant,Debit Card,High
2f939f95-072f-451d-a1a9-ef893eb2a795,2024-07-04,Dining,Dining,69.17,debit,-1392.9699999999677,Restaurant,UPI,High
e3663be2-912d-49e9-897a-f66b29295cc8,2024-07-05,Transport,Transport,12.91,debit,-1405.8799999999678,Uber,Debit Card,High
183cb151-0852-4a9a-b718-795f7eb08746,2024-07-05,Shopping,Shopping,30.2,debit,-1436.0799999999679,Amazon,Credit Card,High
c4ede99f-34ac-4e45-991e-af9aadd5c14a,2024-07-05,Monthly Salary,Income,6000.0,credit,4563.920000000032,Employer Inc.,Bank Transfer,High
e6b2eb40-4c4f-46a7-b004-3aa6de29df65,2024-07-05,Groceries,Groceries,121.75,debit,4442.170000000032,SuperMart,Credit Card,High
f188f5a6-15b6-429b-8809-3555798903cf,2024-07-06,Groceries,Groceries,94.28,debit,4347.890000000032,SuperMart,Credit Card,High
34072847-34ab-4276-998b-de73ff743fcc,2024-07-06,Dining,Dining,19.64,debit,4328.250000000032,Restaurant,Debit Card,High
e89f3d8c-74eb-4db2-b322-a4f5f81d401b,2024-07-07,Shopping,Shopping,77.84,debit,4250.410000000032,Amazon,Credit Card,High
c6e8a6e9-f450-4957-ae3e-08fad29d8c5f,2024-07-08,Groceries,Groceries,144.05,debit,4106.3600000000315,SuperMart,UPI,High
d5222d93-899f-4e24-a64c-79273a54a5e4,2024-07-10,Transport,Transport,65.41,debit,4040.9500000000317,Uber,UPI,High
8da6d44d-add6-44dd-8781-401dac730161,2024-07-10,Dining,Dining,67.83,debit,3973.1200000000317,Restaurant,Debit Card,High
c45ce615-172f-46e8-999e-fba5056f4e11,2024-07-10,Performance Bonus,Income,1780.0,credit,5753.120000000032,Employer Inc.,Bank Transfer,High
e4d97f9d-9f35-44e7-9b81-4c7af724bcf5,2024-07-10,Transport,Transport,58.21,debit,5694.910000000032,Uber,UPI,High
32777297-f910-4564-8341-9f1866211508,2024-07-10,Shopping,Shopping,82.5,debit,5612.410000000032,Amazon,Credit Card,High
447a6c17-e145-4853-9ce3-750511013c4c,2024-07-11,Healthcare,Healthcare,187.5,debit,5424.910000000032,Pharmacy,Auto Debit,High
9ba14426-114f-457a-b78a-e0e620486908,2024-07-11,Transport,Transport,31.99,debit,5392.920000000032,Uber,Credit Card,High
b044f635-3f9e-4c41-a452-6f29e1ca550c,2024-07-11,Shopping,Shopping,83.74,debit,5309.180000000032,Amazon,Debit Card,High
c72b8bd8-0ff3-4478-a903-00b3b87e4b1e,2024-07-11,Groceries,Groceries,111.58,debit,5197.600000000032,SuperMart,UPI,High
837722a5-d1ea-485a-bd4d-f49f8466b5a3,2024-07-12,Dining,Dining,31.25,debit,5166.350000000032,Restaurant,Debit Card,High
293b5c86-4870-40f9-b39e-d5afa3b94bb9,2024-07-13,Dining,Dining,11.38,debit,5154.970000000032,Restaurant,Debit Card,High
950afa75-04e5-405d-8b55-c18ca6b8f896,2024-07-13,Transport,Transport,11.56,debit,5143.410000000032,Uber,UPI,High
b9937508-24dd-4dc8-b20e-c5d78d6ca686,2024-07-13,Transport,Transport,71.6,debit,5071.810000000031,Uber,Credit Card,High
49bad8b4-f2d0-49ee-9368-3eaf71ac4fc2,2024-07-15,Groceries,Groceries,96.32,debit,4975.490000000032,SuperMart,Debit Card,High
6eeca479-c5eb-4333-90c9-f50ace99da37,2024-07-15,Groceries,Groceries,27.61,debit,4947.880000000032,SuperMart,UPI,High
0ae2cfd5-5117-4600-a265-313e245c1fec,2024-07-15,Groceries,Groceries,123.69,debit,4824.190000000032,SuperMart,Credit Card,High
4b91b995-eae9-4d9c-991e-ee60257fcedd,2024-07-15,Groceries,Groceries,129.11,debit,4695.080000000033,SuperMart,UPI,High
802b92c2-f213-4cdb-b143-d1e3cae24de4,2024-07-16,Groceries,Groceries,31.96,debit,4663.120000000033,SuperMart,UPI,High
2f455db3-932c-4645-9427-45d5c811ba69,2024-07-17,Shopping,Shopping,84.99,debit,4578.130000000033,Amazon,Debit Card,High
8230d703-bb49-4958-a6b3-3e6971b19300,2024-07-17,Groceries,Groceries,130.34,debit,4447.790000000033,SuperMart,Debit Card,High
8249bc49-ed6f-46e0-b7a3-917b81fdd250,2024-07-17,Shopping,Shopping,94.56,debit,4353.230000000032,Amazon,UPI,High
3e18986c-fa51-4d7c-a741-289a796cbc5a,2024-07-17,Groceries,Groceries,49.22,debit,4304.010000000032,SuperMart,UPI,High
4e6c815b-81c3-4241-b64f-92e4bb040b8b,2024-07-17,Utilities,Utilities,288.74,debit,4015.2700000000323,City Utilities,Auto Debit,High
5cc2c76c-b731-4b75-a8ef-302d946a5c17,2024-07-17,Dining,Dining,71.41,debit,3943.8600000000324,Restaurant,UPI,High
65040a0e-b24b-4b1a-a9b3-a804fb958110,2024-07-18,Groceries,Groceries,14.0,debit,3929.8600000000324,SuperMart,UPI,High
cb33d234-761a-4cef-a4fa-dbe1c0ef156b,2024-07-19,Transport,Transport,49.48,debit,3880.3800000000324,Uber,UPI,High
cf2b992a-9555-44eb-bee2-e0faed965912,2024-07-20,Transport,Transport,57.66,debit,3822.7200000000325,Uber,UPI,High
75a817e8-9441-415a-a71e-8b5e6f18680c,2024-07-20,EMI,EMI,947.19,debit,2875.5300000000325,Bank Loan,Auto Debit,High
f79dc380-4247-40e6-95ed-9e0b622c2229,2024-07-20,Groceries,Groceries,31.67,debit,2843.8600000000324,SuperMart,UPI,High
7f477a1e-8b6c-4a48-b90e-24778661421a,2024-07-21,Groceries,Groceries,112.84,debit,2731.0200000000323,SuperMart,Credit Card,High
4a4dcb3a-bacb-434d-9c17-3949766cd2cc,2024-07-21,Dining,Dining,23.46,debit,2707.5600000000322,Restaurant,Debit Card,High
883c7afc-c7aa-4de4-8dee-2eec83991137,2024-07-21,Groceries,Groceries,55.78,debit,2651.780000000032,SuperMart,Credit Card,High
0c8e0cfc-c31c-44a6-b52d-02a681e13e20,2024-07-22,Shopping,Shopping,18.97,debit,2632.8100000000322,Amazon,Debit Card,High
2b2ee487-5531-4ce7-a7f9-6da4aa278b7c,2024-07-22,Shopping,Shopping,51.13,debit,2581.680000000032,Amazon,UPI,High
0ffd4af6-7364-44bb-a19f-2604a9643614,2024-07-22,Dining,Dining,73.02,debit,2508.660000000032,Restaurant,UPI,High
507db0aa-b0a5-472f-8108-abf3d5a6e425,2024-07-22,Dining,Dining,23.03,debit,2485.630000000032,Restaurant,Debit Card,High
68112583-2aad-4e4e-84e8-ef072c64b4e4,2024-07-22,Transport,Transport,41.07,debit,2444.560000000032,Uber,UPI,High
24c2e2f0-265b-4339-9e97-a8bc2b723970,2024-07-23,Transport,Transport,71.9,debit,2372.6600000000317,Uber,UPI,High
a6425dd7-0707-437e-9494-d31740f6043a,2024-07-23,Groceries,Groceries,10.87,debit,2361.790000000032,SuperMart,Credit Card,High
77486ec9-c614-4c01-b21d-ad6c8626a6de,2024-07-24,Dining,Dining,81.06,debit,2280.730000000032,Restaurant,UPI,High
d21c3ffe-c4fb-4d1e-bdc8-d4e7e66a6f41,2024-07-25,Dining,Dining,42.42,debit,2238.310000000032,Restaurant,Debit Card,High
1f1ff89c-076b-4c74-8c87-e116b2f5abeb,2024-07-25,Subscriptions,Subscriptions,74.07,debit,2164.2400000000316,Streaming Service,Auto Debit,High
a5428fc2-f6a8-4321-ae0b-4766cdfe2413,2024-07-26,Transport,Transport,11.41,debit,2152.8300000000318,Uber,Debit Card,High
61118182-eb5f-4d96-9732-c40c02b58937,2024-07-26,Groceries,Groceries,79.33,debit,2073.500000000032,SuperMart,Debit Card,High
7c703a5d-bbe1-45e8-9d16-48d5ef7ad258,2024-07-27,Shopping,Shopping,12.75,debit,2060.750000000032,Amazon,UPI,High
317f1120-a6ff-4177-890c-763681a1c04d,2024-07-27,Entertainment,Entertainment,309.05,debit,1751.7000000000319,Cinema,Auto Debit,High
afd6b5c5-f2bb-4ddd-93b0-95a404d7d601,2024-07-27,Transport,Transport,30.58,debit,1721.120000000032,Uber,Credit Card,High
73304e0c-ff90-4cd2-97f2-51b4dceadb68,2024-07-28,Shopping,Shopping,86.2,debit,1634.920000000032,Amazon,Credit Card,High
fabbce75-c545-4b6b-933c-082a37ebd8e7,2024-07-28,Dining,Dining,67.83,debit,1567.090000000032,Restaurant,Credit Card,High
2b4604b5-d4d5-4d33-a200-eb9daa87a2c7,2024-07-29,Groceries,Groceries,122.82,debit,1444.270000000032,SuperMart,Credit Card,High
e6f2cd18-2e09-409c-b00d-f28d1ee7eb82,2024-07-29,Shopping,Shopping,74.2,debit,1370.070000000032,Amazon,UPI,High
f3fd1720-a1ed-4ce6-8913-533a6eed2473,2024-07-29,Insurance,Insurance,380.12,debit,989.950000000032,Insurance Co.,Auto Debit,High
d522caf3-6e62-4601-bd32-878d60baead6,2024-07-31,Shopping,Shopping,23.95,debit,966.000000000032,Amazon,UPI,High
21dd6a69-57bf-44c1-8025-29bb3c4cb025,2024-07-31,Dining,Dining,22.48,debit,943.5200000000319,Restaurant,UPI,High
a5be3586-7168-446c-9536-6f24118f3581,2024-07-31,Transport,Transport,18.27,debit,925.250000000032,Uber,Credit Card,High
670f70d7-859e-42d1-b51f-3b9203ea3a7f,2024-07-31,Shopping,Shopping,36.19,debit,889.060000000032,Amazon,Credit Card,High
6a99c4ee-b44c-4edf-87d9-cf77105cbb45,2024-08-01,Shopping,Shopping,39.82,debit,849.240000000032,Amazon,Debit Card,High
a6cc9f93-db18-4f0d-adb9-112d2e12c7e2,2024-08-02,Shopping,Shopping,46.1,debit,803.1400000000319,Amazon,Debit Card,High
243dfdd9-8565-46b4-80d6-d63a666bb29b,2024-08-02,Transport,Transport,27.55,debit,775.590000000032,Uber,UPI,High
1f69c377-53eb-418a-a410-705d709ea7d5,2024-08-02,Groceries,Groceries,123.94,debit,651.6500000000319,SuperMart,Debit Card,High
cb9e4000-d72a-4bef-a6d8-157985116b41,2024-08-03,Transport,Transport,45.37,debit,606.2800000000319,Uber,Credit Card,High
5ec55fbf-eb53-44b8-ab60-0c02c21e40f7,2024-08-03,Shopping,Shopping,84.12,debit,522.1600000000319,Amazon,Debit Card,High
ad0b4799-b54a-4f39-8976-0e3bed1bb2c3,2024-08-05,Transport,Transport,48.87,debit,473.2900000000319,Uber,Debit Card,High
7f37c529-2f3d-4568-8f52-cec331ef362f,2024-08-05,Transport,Transport,45.08,debit,428.2100000000319,Uber,Debit Card,High
f680ef12-a93d-4687-bd87-5cf7509626a9,2024-08-05,Groceries,Groceries,13.66,debit,414.5500000000319,SuperMart,Credit Card,High
730f4c92-92f5-4f4f-9177-b3cfac81c707,2024-08-05,Shopping,Shopping,10.73,debit,403.8200000000319,Amazon,Credit Card,High
ce9fc335-b1d7-4da0-9f54-6fe552662f30,2024-08-05,Monthly Salary,Income,6000.0,credit,6403.8200000000315,Employer Inc.,Bank Transfer,High
abdc3d05-94d2-413a-8544-c084920a03f1,2024-08-05,Rent,Rent,2277.11,debit,4126.710000000032,Landlord,Auto Debit,High
531ebfa5-a478-46bc-a89a-6e2668b6607e,2024-08-06,Groceries,Groceries,86.69,debit,4040.020000000032,SuperMart,UPI,High
6ae64153-8f66-494f-8c04-eac1900624a2,2024-08-07,Shopping,Shopping,19.97,debit,4020.050000000032,Amazon,Credit Card,High
8bd68886-81a8-49f3-874d-9c3a572a5364,2024-08-08,Shopping,Shopping,20.71,debit,3999.340000000032,Amazon,Credit Card,High
e8a89cb0-fffc-4f03-ba17-a306768c5bfd,2024-08-08,Shopping,Shopping,28.18,debit,3971.160000000032,Amazon,Debit Card,High
226d8a5e-7adb-4bbe-96c3-6766deb00577,2024-08-08,Dining,Dining,11.15,debit,3960.010000000032,Restaurant,UPI,High
6f459e87-ea3b-4327-ad7d-e4e552f52492,2024-08-08,Dining,Dining,61.38,debit,3898.630000000032,Restaurant,Debit Card,High
f22f5bb3-9051-4790-b966-ae6d3de7effc,2024-08-09,Transport,Transport,31.3,debit,3867.3300000000318,Uber,Debit Card,High
b59f1eda-638c-48ef-9428-603e2d3733b5,2024-08-10,Shopping,Shopping,34.53,debit,3832.8000000000316,Amazon,Debit Card,High
133ea27d-4239-439b-8599-d5530132b680,2024-08-10,Transport,Transport,35.02,debit,3797.7800000000316,Uber,Credit Card,High
16167bd0-3f45-4b5e-96cb-c331caee15a0,2024-08-11,Shopping,Shopping,47.48,debit,3750.3000000000316,Amazon,Credit Card,High
8790f6cf-9068-41e8-9c1f-2a9b0805b29c,2024-08-12,Groceries,Groceries,31.83,debit,3718.4700000000316,SuperMart,UPI,High
92d5256e-9517-4eac-bdaa-d820bc8abba7,2024-08-12,Dining,Dining,72.39,debit,3646.0800000000318,Restaurant,UPI,High
a21b37fe-b6b0-4fcd-8bae-83b90f25b7d3,2024-08-14,Transport,Transport,40.07,debit,3606.0100000000316,Uber,Credit Card,High
6cdc1efd-0cd8-42cd-a78e-615cb0735a37,2024-08-14,Entertainment,Entertainment,266.02,debit,3339.9900000000316,Cinema,Auto Debit,High
1b8e755e-a0fc-42ad-91bc-a4a1ceeb8ebd,2024-08-15,Utilities,Utilities,266.02,debit,3073.9700000000316,City Utilities,Auto Debit,High
99a8052f-29bc-4d87-a161-40648921f907,2024-08-15,Dining,Dining,39.8,debit,3034.1700000000315,Restaurant,Debit Card,High
dfa4ca77-de0b-4e81-921d-0bfbc8b6f809,2024-08-16,Shopping,Shopping,36.34,debit,2997.8300000000313,Amazon,Debit Card,High
0dfae7bb-bb65-4616-bcaf-eb441e18d46d,2024-08-16,Transport,Transport,41.78,debit,2956.050000000031,Uber,Debit Card,High
a8c5815e-a4b2-482d-aa92-00ffa2852046,2024-08-17,Shopping,Shopping,17.88,debit,2938.170000000031,Amazon,Debit Card,High
c769ccde-8f73-4429-ab33-8bfc3d468124,2024-08-17,Transport,Transport,23.33,debit,2914.840000000031,Uber,UPI,High
8753acf3-58fe-46a5-b4bb-5af90fe5dd31,2024-08-18,Healthcare,Healthcare,159.61,debit,2755.230000000031,Pharmacy,Auto Debit,High
b4f3b679-870d-4c84-92c6-71604b9626f9,2024-08-18,Transport,Transport,33.33,debit,2721.900000000031,Uber,Credit Card,High
6166cb60-f687-4ed5-b7cd-dac6f5ca9a92,2024-08-20,Dining,Dining,19.91,debit,2701.990000000031,Restaurant,Debit Card,High
0b0d60da-3066-4219-b4a1-b4a151bcfb21,2024-08-20,EMI,EMI,851.25,debit,1850.7400000000312,Bank Loan,Auto Debit,High
8dc06414-47e9-4c72-b3ea-a0e0a2b443bd,2024-08-20,Groceries,Groceries,35.08,debit,1815.6600000000312,SuperMart,Debit Card,High
8a02f1a1-2605-4f26-99a9-fb53a6ee9eba,2024-08-20,Shopping,Shopping,12.49,debit,1803.1700000000312,Amazon,Credit Card,High
848ff264-068b-454b-97ec-a0561cf652c1,2024-08-21,Shopping,Shopping,62.77,debit,1740.4000000000312,Amazon,Debit Card,High
63b93ab4-fd2d-448b-907e-c7a1ad4b51f4,2024-08-23,Shopping,Shopping,48.89,debit,1691.5100000000311,Amazon,Credit Card,High
4b190bf5-d6c4-4714-b08f-16b0c56b7f8b,2024-08-23,Transport,Transport,63.0,debit,1628.5100000000311,Uber,UPI,High
a3eda10a-1d70-4f4f-bdc8-1cd7fbae66e2,2024-08-24,Groceries,Groceries,65.69,debit,1562.820000000031,SuperMart,Debit Card,High
14133215-be33-4fee-86bd-81fec2d6275f,2024-08-24,Groceries,Groceries,112.23,debit,1450.590000000031,SuperMart,Credit Card,High
cffbfdc6-9d90-4a82-9874-61ba892fbec1,2024-08-24,Subscriptions,Subscriptions,63.84,debit,1386.7500000000312,Streaming Service,Auto Debit,High
25d8074e-d57a-48ba-9f17-4dbefb3d2760,2024-08-25,Dining,Dining,39.26,debit,1347.4900000000312,Restaurant,UPI,High
30edaaaa-3cff-4dfe-a5cc-5e4892b3cdae,2024-08-25,Dining,Dining,48.58,debit,1298.9100000000312,Restaurant,Debit Card,High
68b9f14e-8307-48aa-9a2e-5ff444ccb2ad,2024-08-25,Shopping,Shopping,16.6,debit,1282.3100000000313,Amazon,UPI,High
5ea4c3a1-bac2-4659-865d-8b49c66ca310,2024-08-25,Dining,Dining,10.08,debit,1272.2300000000314,Restaurant,Debit Card,High
9a7798d6-7817-4b5e-8c5f-8535d992b50e,2024-08-25,Transport,Transport,46.64,debit,1225.5900000000313,Uber,Credit Card,High
cbe3e0ab-6b07-4bb5-acb0-0f1269141135,2024-08-25,Groceries,Groceries,53.37,debit,1172.2200000000314,SuperMart,UPI,High
7a4424ce-71da-40de-956a-64cda2ed57f9,2024-08-26,Transport,Transport,18.66,debit,1153.5600000000313,Uber,UPI,High
5a85b887-3a1c-4eb1-bb20-cfbe4d591c14,2024-08-26,Groceries,Groceries,111.72,debit,1041.8400000000313,SuperMart,Credit Card,High
9f22c374-1563-4a51-9ffd-1bfefbdad484,2024-08-26,Dining,Dining,44.2,debit,997.6400000000313,Restaurant,Debit Card,High
9ca95730-b9ce-4052-a061-cc0439ff7806,2024-08-26,Shopping,Shopping,52.04,debit,945.6000000000313,Amazon,Credit Card,High
be19728a-00f1-4e7a-8993-0555d6adad7c,2024-08-27,Transport,Transport,50.76,debit,894.8400000000313,Uber,Debit Card,High
5bb24195-2962-45ca-8f20-7c8a8700caa3,2024-08-27,Transport,Transport,22.14,debit,872.7000000000313,Uber,Credit Card,High
8930e66d-a639-4ac8-b008-5a194b856cc3,2024-08-27,Shopping,Shopping,56.44,debit,816.2600000000314,Amazon,UPI,High
6c3b7a46-02b2-4946-9536-4d9d8fcb92ed,2024-08-28,Transport,Transport,18.05,debit,798.2100000000314,Uber,Credit Card,High
02dc42b8-1ca9-4d3c-a0f5-3f5c991620e1,2024-08-29,Transport,Transport,61.29,debit,736.9200000000315,Uber,Debit Card,High
6f871eaf-f888-4857-9c47-98bfcc3414ab,2024-08-29,Transport,Transport,62.48,debit,674.4400000000314,Uber,UPI,High
b24a785f-62a2-456b-8f6b-b399ee75b504,2024-08-29,Shopping,Shopping,15.9,debit,658.5400000000315,Amazon,Credit Card,High
606a3f5b-0ad4-4fbc-bc50-5a2fb68fa546,2024-08-29,Dining,Dining,68.8,debit,589.7400000000315,Restaurant,Credit Card,High
204db8b5-027f-44a4-9389-b1ad86fb8376,2024-08-30,Transport,Transport,58.88,debit,530.8600000000315,Uber,Credit Card,High
80751e44-475f-4e70-9210-aeea56e0f5de,2024-08-31,Dining,Dining,28.97,debit,501.8900000000315,Restaurant,Debit Card,High
df57cc58-4880-4f7f-93a1-2562a071d570,2024-08-31,Insurance,Insurance,319.22,debit,182.67000000003145,Insurance Co.,Auto Debit,High
177d15c6-75e4-4aea-b640-5755dceeadd5,2024-08-31,Dining,Dining,21.96,debit,160.71000000003144,Restaurant,UPI,High
3b18b1a5-961b-49e1-9943-7056353f49dc,2024-09-01,Dining,Dining,62.74,debit,97.97000000003143,Restaurant,UPI,High
2ca55d21-330b-4a44-82d1-48cb922275f8,2024-09-01,Utilities,Utilities,266.89,debit,-168.91999999996855,City Utilities,Auto Debit,High
51b5a438-1d5c-4ab9-8406-fcfe4acb918f,2024-09-01,Dining,Dining,24.19,debit,-193.10999999996855,Restaurant,Debit Card,High
6ba4be99-b418-41ae-a0c2-d59c07386843,2024-09-02,Shopping,Shopping,44.88,debit,-237.98999999996855,Amazon,Credit Card,High
8f7af795-0796-499d-916e-872f46c7f631,2024-09-02,Dining,Dining,25.99,debit,-263.9799999999685,Restaurant,UPI,High
d5c93191-8fe5-4893-9a51-c0a8840105bd,2024-09-02,Shopping,Shopping,37.98,debit,-301.95999999996855,Amazon,UPI,High
6ebcb401-b9a8-41e8-a281-7f5df0408e92,2024-09-03,Transport,Transport,21.92,debit,-323.87999999996856,Uber,UPI,High
c099fbcc-4b3c-4319-b4c5-a57410644bb1,2024-09-03,Dining,Dining,51.66,debit,-375.5399999999686,Restaurant,UPI,High
912198c1-86be-4e30-8157-953a01db4148,2024-09-04,Groceries,Groceries,82.39,debit,-457.9299999999686,SuperMart,Debit Card,High
46a6e2cb-34a2-4cb5-b35c-b4184555f4a0,2024-09-04,Healthcare,Healthcare,160.13,debit,-618.0599999999686,Pharmacy,Auto Debit,High
26873e61-d818-4a87-acfb-81fca29da495,2024-09-04,Groceries,Groceries,24.67,debit,-642.7299999999685,SuperMart,Credit Card,High
b2a85759-137c-4e76-9163-0dacf09a70c2,2024-09-05,Monthly Salary,Income,6000.0,credit,5357.270000000031,Employer Inc.,Bank Transfer,High
db36eab4-93fb-4872-9a6f-0d01948cb398,2024-09-05,Transport,Transport,11.13,debit,5346.140000000031,Uber,Credit Card,High
0c7762dc-f5ed-4d21-83a9-f92bdfd3bbae,2024-09-06,Transport,Transport,39.32,debit,5306.8200000000315,Uber,UPI,High
1fd356e0-837c-4ecf-a8d3-3f0db36f2a6b,2024-09-06,Transport,Transport,31.8,debit,5275.020000000031,Uber,Credit Card,High
eddfd108-e2a3-4fab-8a18-19e31b9f319f,2024-09-06,Dining,Dining,45.44,debit,5229.580000000032,Restaurant,UPI,High
7ec930fe-0a5e-46be-8795-ed84e1bf2705,2024-09-07,Shopping,Shopping,84.47,debit,5145.1100000000315,Amazon,Debit Card,High
d0eef3d3-b34c-4f1c-b1d7-89fffe9ddac5,2024-09-08,Groceries,Groceries,115.85,debit,5029.260000000031,SuperMart,Debit Card,High
3d9567a0-fe6c-4383-bba2-da7abbf14147,2024-09-08,Groceries,Groceries,122.38,debit,4906.880000000031,SuperMart,Debit Card,High
815af200-d5d5-48f7-9663-ae75ff842797,2024-09-09,Dining,Dining,66.43,debit,4840.450000000031,Restaurant,UPI,High
55aab241-ba41-4c8b-9a0b-7be3dfa633d6,2024-09-10,Shopping,Shopping,29.43,debit,4811.02000000003,Amazon,Credit Card,High
6a56b4de-eb8d-4a03-9205-cec425015989,2024-09-10,Dining,Dining,31.97,debit,4779.05000000003,Restaurant,Debit Card,High
faeb95de-4d31-4b5d-a79f-bbfc51907257,2024-09-11,Shopping,Shopping,64.83,debit,4714.22000000003,Amazon,Debit Card,High
f7d8287f-a07e-4023-80e4-ba9934b625a1,2024-09-11,Shopping,Shopping,53.63,debit,4660.59000000003,Amazon,Debit Card,High
6eee3e0b-99b9-4b0f-abc8-3498a522ecc0,2024-09-11,Transport,Transport,27.96,debit,4632.63000000003,Uber,UPI,High
aeec90e6-695e-496f-ab95-43e761f4b48b,2024-09-12,Transport,Transport,45.31,debit,4587.32000000003,Uber,UPI,High
bf62c255-d8a6-44c2-bac0-788fd3dd95ae,2024-09-12,Dining,Dining,15.19,debit,4572.13000000003,Restaurant,Credit Card,High
3e3ed349-7b4e-4b38-97fe-8aaae3c18655,2024-09-12,Shopping,Shopping,13.02,debit,4559.11000000003,Amazon,Credit Card,High
3475011d-456a-4fb6-a934-711e813d9668,2024-09-12,Subscriptions,Subscriptions,64.05,debit,4495.0600000000295,Streaming Service,Auto Debit,High
160268cf-100c-49d9-ba8e-a9b516d9e728,2024-09-12,Transport,Transport,50.23,debit,4444.83000000003,Uber,Credit Card,High
5ad90a5d-2325-41aa-b648-3cf3c3c17a4c,2024-09-13,Dining,Dining,13.91,debit,4430.92000000003,Restaurant,Debit Card,High
ae6c08d2-a585-4089-b0e1-fffa4a25cd82,2024-09-13,Dining,Dining,20.33,debit,4410.59000000003,Restaurant,Debit Card,High
9522857b-b2d4-4225-b853-d54bc79c409b,2024-09-14,EMI,EMI,854.04,debit,3556.55000000003,Bank Loan,Auto Debit,High
355d8f6d-2915-4599-9071-cc378fa23e0c,2024-09-14,Groceries,Groceries,14.86,debit,3541.69000000003,SuperMart,Credit Card,High
97c905ad-662f-4c96-89ad-c52e7954542e,2024-09-15,Groceries,Groceries,82.82,debit,3458.87000000003,SuperMart,Credit Card,High
963e1978-12cf-4722-98ae-e5024fddece1,2024-09-15,Transport,Transport,36.66,debit,3422.21000000003,Uber,UPI,High
63429ca8-ac34-474d-a60e-6195244dbac6,2024-09-15,Shopping,Shopping,12.31,debit,3409.90000000003,Amazon,Credit Card,High
ed8d2e6c-543e-4123-86ac-f50dcbf795bb,2024-09-16,Shopping,Shopping,36.08,debit,3373.82000000003,Amazon,Debit Card,High
128c170c-8aa5-4b07-8a15-6d9d9c8afff2,2024-09-16,Transport,Transport,14.41,debit,3359.4100000000303,Uber,UPI,High
8e5ade9c-e063-44e3-a493-bb99022f4c47,2024-09-17,Rent,Rent,2284.56,debit,1074.8500000000304,Landlord,Auto Debit,High
405e58e8-667c-4031-8f72-4806769298e4,2024-09-17,Dining,Dining,39.28,debit,1035.5700000000304,Restaurant,Debit Card,High
8d245192-8c2a-4844-9cad-df3aff804820,2024-09-17,Shopping,Shopping,66.0,debit,969.5700000000304,Amazon,Debit Card,High
8abb8434-834f-4a6b-80fb-5b00bcd8374f,2024-09-18,Dining,Dining,15.28,debit,954.2900000000304,Restaurant,Credit Card,High
6c596f7f-6497-4d99-8b74-1c2b17c8740b,2024-09-18,Dining,Dining,44.07,debit,910.2200000000304,Restaurant,UPI,High
4d3451cf-3540-4b75-a800-7cbf7d8b0710,2024-09-19,Dining,Dining,56.22,debit,854.0000000000304,Restaurant,Credit Card,High
77594b55-a3a4-4ca8-8eb4-e598b0ff6e78,2024-09-19,Dining,Dining,67.92,debit,786.0800000000304,Restaurant,Debit Card,High
4282a1dd-ed13-4dd5-b171-39af156744d2,2024-09-20,Groceries,Groceries,45.29,debit,740.7900000000304,SuperMart,UPI,High
21961418-e156-4e0d-a5a9-e94185c434ac,2024-09-21,Transport,Transport,33.44,debit,707.3500000000304,Uber,Credit Card,High
8e7453c1-90f5-46c2-bfe3-f7157c3f90d0,2024-09-21,Dining,Dining,66.38,debit,640.9700000000304,Restaurant,UPI,High
311e1463-0407-4fb8-b531-e0f846c5fd10,2024-09-21,Groceries,Groceries,80.25,debit,560.7200000000304,SuperMart,UPI,High
e7485ccd-1895-4b70-9a90-20b51ece9710,2024-09-22,Dining,Dining,62.9,debit,497.8200000000304,Restaurant,Credit Card,High
ea46169c-7979-43bb-a95c-5354c2abfa04,2024-09-23,Dining,Dining,61.89,debit,435.9300000000304,Restaurant,Credit Card,High
72cc4c5b-a16d-4440-871d-b7caa153703e,2024-09-24,Transport,Transport,57.13,debit,378.8000000000304,Uber,UPI,High
c9101317-c278-4cda-a6da-3315148d9719,2024-09-24,Transport,Transport,18.74,debit,360.0600000000304,Uber,Debit Card,High
701d9174-cad1-4948-a4e9-bbb87dad874e,2024-09-25,Transport,Transport,12.36,debit,347.7000000000304,Uber,UPI,High
eb4a6bbf-e8e8-4e22-a059-553a1e50336f,2024-09-25,Groceries,Groceries,89.18,debit,258.5200000000304,SuperMart,Debit Card,High
86a980df-460b-492b-8603-7fdfebf67458,2024-09-25,Entertainment,Entertainment,266.89,debit,-8.369999999969593,Cinema,Auto Debit,High
8c63cf7c-dea4-4c0b-bc96-8697938b50d6,2024-09-26,Transport,Transport,35.41,debit,-43.77999999996959,Uber,Credit Card,High
c3c19f9e-2ac7-4f4e-a5ee-5d3b5ff43a31,2024-09-26,Insurance,Insurance,320.27,debit,-364.0499999999696,Insurance Co.,Auto Debit,High
f1e496de-37e8-4648-9c96-b770c19bde7d,2024-09-26,Dining,Dining,57.35,debit,-421.3999999999696,Restaurant,UPI,High
d619a1bb-e4e6-4626-b94e-75e71bf45031,2024-09-27,Shopping,Shopping,42.08,debit,-463.4799999999696,Amazon,UPI,High
cd4307fc-5c74-4224-8ece-6dfb2af8da76,2024-09-28,Shopping,Shopping,75.38,debit,-538.8599999999697,Amazon,UPI,High
f86893c1-d881-4859-9163-f0dbd77b4eb7,2024-09-29,Shopping,Shopping,75.47,debit,-614.3299999999697,Amazon,Credit Card,High
